Player,Team,Year,Att,Cmp,Pct,Yds,TD,TD%,Int,Sack,Rate,Stat Type
Derek Carr,FRES,2013,659,453,68.7,"5,082",50,7.6,8,11,156.1,Passing
Sean Mannion,ORST,2013,603,400,66.3,"4,662",37,6.1,15,25,146.6,Passing
Connor Halliday,WSU,2013,714,449,62.9,"4,597",34,4.8,22,31,126.5,Passing
Bryce Petty,BAY,2013,403,250,62.0,"4,200",32,7.9,3,17,174.3,Passing
David Fales,SJSU,2013,487,312,64.1,"4,189",33,6.8,13,19,153.3,Passing
Keith Wenning,BALL,2013,498,319,64.1,"4,148",35,7.0,7,13,154.4,Passing
Shane Carden,ECU,2013,549,387,70.5,"4,139",33,6.0,10,29,150.0,Passing
Johnny Manziel,TAMU,2013,429,300,69.9,"4,114",37,8.6,13,19,172.9,Passing
Jameis Winston,FSU,2013,384,257,66.9,"4,057",40,10.4,10,27,184.8,Passing
Teddy Bridgewater,LOU,2013,427,303,71.0,"3,970",31,7.3,4,23,171.1,Passing
Rakeem Cato,MRSH,2013,499,298,59.7,"3,916",39,7.8,9,25,147.8,Passing
Tajh Boyd,CLEM,2013,413,283,68.5,"3,851",34,8.2,11,32,168.7,Passing
Garrett Grayson,CSU,2013,478,297,62.1,"3,696",23,4.8,11,21,138.4,Passing
Marcus Mariota,ORE,2013,386,245,63.5,"3,665",31,8.0,4,18,167.7,Passing
Taylor Kelly,AZST,2013,484,302,62.4,"3,635",28,5.8,12,39,139.6,Passing
Blake Bortles,UCF,2013,382,259,67.8,"3,581",25,6.5,9,21,163.4,Passing
Garrett Gilbert,SMU,2013,504,335,66.5,"3,528",21,4.2,7,26,136.2,Passing
Jared Goff,CAL,2013,531,320,60.3,"3,508",18,3.4,10,30,123.2,Passing
Matt Johnson,BGSU,2013,369,237,64.2,"3,467",25,6.8,7,40,161.7,Passing
Brett Smith,WYO,2013,467,293,62.7,"3,375",29,6.2,11,25,139.2,Passing
Bo Wallace,MISS,2013,437,283,64.8,"3,346",18,4.1,10,24,138.1,Passing
Brendon Kay,CINN,2013,395,262,66.3,"3,302",22,5.6,12,15,148.9,Passing
Nathan Scheelhaase,ILL,2013,430,287,66.7,"3,272",21,4.9,13,27,140.7,Passing
Tommy Rees,ND,2013,414,224,54.1,"3,257",27,6.5,13,8,135.4,Passing
Corey Robinson,TROY,2013,421,285,67.7,"3,219",20,4.8,9,18,143.3,Passing
John O'Korn,HOU,2013,446,259,58.1,"3,117",28,6.3,10,25,133.0,Passing
Zach Mettenberger,LSU,2013,296,192,64.9,"3,082",22,7.4,8,21,171.4,Passing
Aaron Murray,UGA,2013,347,225,64.8,"3,075",26,7.5,9,13,158.8,Passing
Brett Hundley,UCLA,2013,371,248,66.8,"3,071",24,6.5,9,35,152.9,Passing
A.J. McCarron,ALA,2013,336,226,67.3,"3,063",28,8.3,7,17,167.2,Passing
Stephen Morris,MIA,2013,344,198,57.6,"3,028",21,6.1,12,15,144.7,Passing
Quinn Kaehler,SDSU,2013,389,232,59.6,"3,007",19,4.9,9,26,136.1,Passing
Cody Kessler,USC,2013,361,236,65.4,"2,968",20,5.5,7,30,148.8,Passing
Keith Price,WASH,2013,352,233,66.2,"2,966",21,6.0,6,27,153.3,Passing
Devin Gardner,MICH,2013,345,208,60.3,"2,960",21,6.1,11,34,146.1,Passing
Sean Schroeder,HAW,2013,376,233,62.0,"2,960",28,7.4,14,24,145.2,Passing
Tom Savage,PITT,2013,389,238,61.2,"2,958",21,5.4,9,43,138.2,Passing
Christian Hackenberg,PSU,2013,392,231,58.9,"2,955",20,5.1,10,21,134.0,Passing
Taysom Hill,BYU,2013,438,236,53.9,"2,938",19,4.3,14,37,118.1,Passing
Logan Thomas,VT,2013,402,227,56.5,"2,907",16,4.0,13,29,123.9,Passing
Derek Thompson,UNT,2013,390,251,64.4,"2,896",16,4.1,13,11,133.6,Passing
Jordan Lynch,NIU,2013,404,253,62.6,"2,892",24,5.9,8,10,138.4,Passing
Brandon Doughty,WKU,2013,374,246,65.8,"2,857",14,3.7,14,19,134.8,Passing
Tyler Tettleton,OHIO,2013,371,230,62.0,"2,851",21,5.7,12,14,138.8,Passing
Joe Licata,BUFF,2013,402,233,58.0,"2,824",24,6.0,8,19,132.7,Passing
Connor Cook,MSU,2013,380,223,58.7,"2,755",22,5.8,6,16,135.5,Passing
Eric Soza,UTSA,2013,377,236,62.6,"2,719",12,3.2,11,14,127.8,Passing
Caleb Herring,UNLV,2013,405,256,63.2,"2,718",24,5.9,5,24,136.7,Passing
Davis Webb,TTU,2013,361,226,62.6,"2,718",20,5.5,9,7,139.1,Passing
Cody Fajardo,NEV,2013,358,243,67.9,"2,668",13,3.6,3,21,140.8,Passing
Kevin Hogan,STAN,2013,295,180,61.0,"2,630",20,6.8,10,14,151.5,Passing
Ross Metheny,USA,2013,324,201,62.0,"2,622",15,4.6,7,13,141.0,Passing
Ronnie Bell,GAST,2013,375,188,50.1,"2,573",15,4.0,11,30,115.1,Passing
Nate Sudfeld,IND,2013,322,194,60.2,"2,523",21,6.5,9,16,142.0,Passing
B.J. Denker,ARIZ,2013,381,233,61.2,"2,516",16,4.2,7,16,126.8,Passing
Logan Kilgore,MTSU,2013,355,216,60.8,"2,507",16,4.5,13,13,127.7,Passing
Andrew McDonald,NMST,2013,350,233,66.6,"2,497",15,4.3,11,20,134.4,Passing
Joel Stave,WISC,2013,336,208,61.9,"2,494",22,6.5,13,16,138.1,Passing
Jake Waters,KSST,2013,260,159,61.2,"2,469",18,6.9,9,23,156.8,Passing
Connor Shaw,SCAR,2013,284,180,63.4,"2,447",24,8.5,1,20,162.9,Passing
Kyle Pohl,AKR,2013,402,225,56.0,"2,438",14,3.5,10,23,113.4,Passing
James Franklin,MIZZ,2013,319,198,62.1,"2,429",19,6.0,6,22,141.9,Passing
Terrance Broadway,ULL,2013,266,166,62.4,"2,419",19,7.1,12,22,153.3,Passing
Jake Rudock,IOWA,2013,346,204,59.0,"2,383",18,5.2,13,14,126.5,Passing
Adam Kennedy,ARST,2013,315,218,69.2,"2,363",11,3.5,6,28,139.9,Passing
Cooper Rush,CMU,2013,312,177,56.7,"2,349",15,4.8,15,26,126.2,Passing
Taylor McHargue,RICE,2013,324,169,52.2,"2,345",17,5.2,8,30,125.3,Passing
Baker Mayfield,TTU,2013,340,218,64.1,"2,315",12,3.5,9,24,127.7,Passing
Austyn Carta-Samuels,VAN,2013,281,193,68.7,"2,268",11,3.9,9,20,143.0,Passing
Anthony Boone,DUKE,2013,322,206,64.0,"2,260",13,4.0,13,10,128.2,Passing
C.J. Brown,MD,2013,282,166,58.9,"2,242",13,4.6,7,22,135.9,Passing
Tanner Price,WF,2013,378,206,54.5,"2,233",13,3.4,10,22,110.2,Passing
Terrance Owens,TOL,2013,318,191,60.1,"2,230",18,5.7,9,6,132.0,Passing
David Watford,UVA,2013,427,244,57.1,"2,202",8,1.9,15,19,99.6,Passing
Kolton Browning,ULM,2013,352,200,56.8,"2,179",21,6.0,8,25,124.0,Passing
Clint Chelf,OKST,2013,291,164,56.4,"2,173",17,5.8,8,9,132.9,Passing
Gary Nova,RUT,2013,303,165,54.5,"2,159",18,5.9,14,25,124.7,Passing
Trevor Siemian,NW,2013,298,178,59.7,"2,149",11,3.7,9,19,126.4,Passing
Braxton Miller,OSU,2013,255,162,63.5,"2,094",24,9.4,7,21,158.1,Passing
Phillip Walker,TEM,2013,250,152,60.8,"2,084",20,8.0,8,23,150.8,Passing
Paxton Lynch,MEM,2013,349,203,58.2,"2,056",9,2.6,10,25,110.4,Passing
Chase Rettig,BC,2013,263,162,61.6,"1,995",17,6.5,8,23,140.6,Passing
Nick Marshall,AUB,2013,239,142,59.4,"1,976",14,5.9,6,19,143.2,Passing
Colin Reardon,KENT,2013,317,186,58.7,"1,957",12,3.8,9,10,117.3,Passing
Dak Prescott,MSST,2013,267,156,58.4,"1,940",10,3.7,7,8,126.6,Passing
Case McCoy,TEX,2013,329,187,56.8,"1,933",11,3.3,13,10,109.3,Passing
Jaquez Johnson,FAU,2013,256,149,58.2,"1,876",12,4.7,8,21,129.0,Passing
Travis Wilson,UTAH,2013,237,133,56.1,"1,827",16,6.8,16,17,129.6,Passing
Grant Hedrick,BSU,2013,242,167,69.0,"1,825",16,6.6,5,15,150.0,Passing
Sefo Liufau,COL,2013,251,149,59.4,"1,779",12,4.8,8,10,128.3,Passing
Nick Mullens,USM,2013,276,136,49.3,"1,776",13,4.7,14,25,108.7,Passing
Bryn Renner,UNC,2013,231,152,65.8,"1,765",10,4.3,5,16,139.9,Passing
Nick Montana,TULN,2013,296,158,53.4,"1,717",14,4.7,10,23,111.0,Passing
Ryan Higgins,LT,2013,281,166,59.1,"1,715",6,2.1,13,25,108.1,Passing
Marquise Williams,UNC,2013,217,126,58.1,"1,698",15,6.9,6,5,141.1,Passing
Danny Etling,PUR,2013,267,149,55.8,"1,690",10,3.7,7,31,116.1,Passing
Pete Thomas,NCST,2013,247,149,60.3,"1,667",4,1.6,9,21,115.1,Passing
Joe Southwick,BSU,2013,208,151,72.6,"1,654",12,5.8,5,11,153.6,Passing
Blake Bell,OKLA,2013,233,140,60.1,"1,648",12,5.2,5,11,132.2,Passing
Terrel Hunt,SYR,2013,273,167,61.2,"1,638",10,3.7,8,14,117.8,Passing
Brandon Doughty,WKU,2014,552,375,67.9,"4,830",49,8.9,10,19,167.1,Passing
Shane Carden,ECU,2014,617,392,63.5,"4,736",30,4.9,10,32,140.8,Passing
Marcus Mariota,ORE,2014,408,280,68.6,"4,121",40,9.8,3,29,184.4,Passing
Garrett Grayson,CSU,2014,420,270,64.3,"4,006",32,7.6,7,26,166.2,Passing
Jared Goff,CAL,2014,509,315,61.9,"3,954",35,6.9,7,25,147.1,Passing
Jameis Winston,FSU,2014,467,305,65.3,"3,907",25,5.4,18,17,145.5,Passing
Rakeem Cato,MRSH,2014,451,267,59.2,"3,903",40,8.9,13,21,155.4,Passing
Trevone Boykin,TCU,2014,492,301,61.2,"3,901",33,6.7,10,23,145.8,Passing
Connor Halliday,WSU,2014,526,354,67.3,"3,873",32,6.1,11,20,145.0,Passing
Bryce Petty,BAY,2014,428,270,63.1,"3,855",29,6.8,7,24,157.8,Passing
Cody Kessler,USC,2014,452,315,69.7,"3,826",39,8.6,5,32,167.1,Passing
Anu Solomon,ARIZ,2014,540,313,58.0,"3,793",28,5.2,9,38,130.7,Passing
Grant Hedrick,BSU,2014,415,294,70.8,"3,696",23,5.5,14,26,157.2,Passing
Dylan Thompson,SCAR,2014,451,270,59.9,"3,574",26,5.8,11,24,140.6,Passing
Jake Waters,KSST,2014,397,262,66.0,"3,501",22,5.5,7,29,154.8,Passing
Taylor Heinicke,ODU,2014,456,289,63.4,"3,476",30,6.6,15,28,142.5,Passing
Blake Sims,ALA,2014,390,251,64.4,"3,473",28,7.2,10,13,157.7,Passing
Everett Golson,ND,2014,427,256,60.0,"3,445",29,6.8,14,27,143.6,Passing
Zach Terrell,WMU,2014,368,250,67.9,"3,443",26,7.1,10,22,164.4,Passing
Dak Prescott,MSST,2014,395,243,61.5,"3,440",27,6.8,11,20,151.7,Passing
Cody Sokol,LT,2014,448,260,58.0,"3,436",30,6.7,13,18,138.8,Passing
Blake Frohnapfel,MASS,2014,436,241,55.3,"3,345",23,5.3,10,22,132.5,Passing
Clint Trickett,WVU,2014,419,281,67.1,"3,285",18,4.3,10,26,142.3,Passing
Nick Arbuckle,GAST,2014,429,259,60.4,"3,283",23,5.4,17,30,134.4,Passing
Andrew Hendrix,MIOH,2014,458,222,48.5,"3,280",23,5.0,9,43,121.3,Passing
Fredi Knighten,ARST,2014,432,269,62.3,"3,277",24,5.6,7,30,141.1,Passing
Gunner Kiel,CINN,2014,390,233,59.7,"3,254",31,7.9,13,12,149.4,Passing
Sefo Liufau,COL,2014,498,325,65.3,"3,250",28,5.6,15,19,132.6,Passing
Connor Cook,MSU,2014,365,212,58.1,"3,214",24,6.6,8,11,149.4,Passing
Brett Hundley,UCLA,2014,392,271,69.1,"3,205",22,5.6,5,37,153.8,Passing
Brad Kaaya,MIA,2014,378,221,58.5,"3,198",26,6.9,12,20,145.9,Passing
Bo Wallace,MISS,2014,381,229,60.1,"3,196",22,5.8,14,30,142.3,Passing
Pete Thomas,ULM,2014,501,301,60.1,"3,181",14,2.8,6,44,120.2,Passing
James Knapke,BGSU,2014,484,280,57.9,"3,173",15,3.1,12,19,118.2,Passing
Sean Mannion,ORST,2014,453,282,62.3,"3,164",15,3.3,8,36,128.3,Passing
Cooper Rush,CMU,2014,382,243,63.6,"3,149",27,7.1,13,28,149.4,Passing
Dane Evans,TULS,2014,462,256,55.4,"3,102",23,5.0,17,24,120.9,Passing
Marquise Williams,UNC,2014,428,270,63.1,"3,073",21,4.9,9,26,135.4,Passing
Paxton Lynch,MEM,2014,413,259,62.7,"3,031",22,5.3,9,15,137.6,Passing
Christian Hackenberg,PSU,2014,484,270,55.8,"2,977",12,2.5,15,44,109.4,Passing
Justin Holman,UCF,2014,392,223,56.9,"2,952",23,5.9,14,27,132.4,Passing
Blake Decker,UNLV,2014,401,231,57.6,"2,881",15,3.7,18,35,121.3,Passing
Gary Nova,RUT,2014,327,187,57.2,"2,851",22,6.7,12,18,145.3,Passing
Driphus Jackson,RICE,2014,331,191,57.7,"2,842",24,7.3,8,27,148.9,Passing
J.T. Barrett,OSU,2014,314,203,64.6,"2,834",34,10.8,10,23,169.8,Passing
Kevin Hogan,STAN,2014,353,232,65.7,"2,792",19,5.4,8,22,145.4,Passing
Tyler Rogers,NMST,2014,436,268,61.5,"2,739",19,4.4,23,9,118.1,Passing
Patrick Towles,KY,2014,393,225,57.3,"2,718",14,3.6,9,37,122.5,Passing
Anthony Boone,DUKE,2014,454,255,56.2,"2,700",19,4.2,8,13,116.4,Passing
Tommy Armstrong Jr.,NEB,2014,345,184,53.3,"2,695",22,6.4,12,20,133.0,Passing
Michael Brewer,VT,2014,441,262,59.4,"2,692",18,4.1,15,32,117.4,Passing
Tyler Jones,TXST,2014,376,246,65.4,"2,670",22,5.9,7,26,140.7,Passing
Sam B. Richardson,IAST,2014,452,254,56.2,"2,669",18,4.0,9,26,115.0,Passing
Colby Kirkegaard,WYO,2014,358,205,57.3,"2,654",12,3.4,9,41,125.6,Passing
Kenny Hill,TAMU,2014,321,214,66.7,"2,649",23,7.2,8,14,154.6,Passing
Maty Mauk,MIZZ,2014,413,220,53.3,"2,643",25,6.1,13,23,120.7,Passing
Joe Licata,BUFF,2014,344,223,64.8,"2,642",29,8.4,11,16,150.8,Passing
Brian Burrell,FRES,2014,432,252,58.3,"2,634",22,5.1,18,34,118.0,Passing
Christian Stewart,BYU,2014,347,198,57.1,"2,610",25,7.2,9,22,138.8,Passing
Jacoby Brissett,NCST,2014,370,221,59.7,"2,606",23,6.2,5,29,136.7,Passing
Austin Grammer,MTSU,2014,338,221,65.4,"2,557",17,5.0,12,26,138.4,Passing
Davis Webb,TTU,2014,345,211,61.2,"2,539",24,7.0,13,4,138.4,Passing
Ikaika Woolsey,HAW,2014,414,208,50.2,"2,536",13,3.1,13,38,105.8,Passing
Nick Marshall,AUB,2014,293,178,60.8,"2,532",20,6.8,7,14,151.1,Passing
Cody Fajardo,NEV,2014,404,238,58.9,"2,494",18,4.5,11,20,120.0,Passing
Matt Linehan,IDHO,2014,377,219,58.1,"2,494",11,2.9,18,39,113.7,Passing
Nick Mullens,USM,2014,365,218,59.7,"2,470",12,3.3,9,21,122.5,Passing
Colin Reardon,KENT,2014,401,228,56.9,"2,466",14,3.5,16,11,112.1,Passing
Jake Rudock,IOWA,2014,345,213,61.7,"2,436",16,4.6,5,19,133.5,Passing
Tyrone Swoopes,TEX,2014,384,224,58.3,"2,409",13,3.4,11,26,116.5,Passing
Cyler Miles,WASH,2014,329,219,66.6,"2,397",17,5.2,4,21,142.4,Passing
Drew Hare,NIU,2014,326,194,59.5,"2,322",18,5.5,2,12,136.3,Passing
Phillip Walker,TEM,2014,379,203,53.6,"2,317",13,3.4,15,20,108.3,Passing
Joe Gray,SJSU,2014,330,210,63.6,"2,305",11,3.3,9,13,127.9,Passing
Trevor Knight,OKLA,2014,316,179,56.6,"2,300",14,4.4,12,7,124.8,Passing
Terrance Broadway,ULL,2014,342,216,63.2,"2,295",13,3.8,9,23,126.8,Passing
C.J. Brown,MD,2014,354,189,53.4,"2,288",13,3.7,10,36,114.2,Passing
Brandon Allen,ARK,2014,339,190,56.0,"2,285",20,5.9,5,12,129.2,Passing
Logan Woodside,TOL,2014,296,185,62.5,"2,263",19,6.4,8,9,142.5,Passing
Chad Voytik,PITT,2014,287,176,61.3,"2,233",16,5.6,7,20,140.2,Passing
Cody Clements,UAB,2014,273,181,66.3,"2,221",13,4.8,7,23,145.2,Passing
Jaquez Johnson,FAU,2014,315,182,57.8,"2,215",17,5.4,5,15,131.5,Passing
Trevor Siemian,NW,2014,391,228,58.3,"2,214",7,1.8,11,31,106.2,Passing
Kyle Pohl,AKR,2014,382,207,54.2,"2,185",9,2.4,8,17,105.8,Passing
Travis Wilson,UTAH,2014,313,190,60.7,"2,170",18,5.8,5,20,134.7,Passing
Hutson Mason,UGA,2014,278,188,67.6,"2,168",21,7.6,4,16,155.2,Passing
Quinn Kaehler,SDSU,2014,307,169,55.0,"2,157",9,2.9,12,20,115.9,Passing
Taylor Kelly,AZST,2014,278,165,59.4,"2,114",22,7.9,5,30,145.7,Passing
Daxx Garman,OKST,2014,277,152,54.9,"2,041",12,4.3,12,30,122.4,Passing
John Wolford,WF,2014,367,214,58.3,"2,037",12,3.3,14,46,108.1,Passing
Greg Ward Jr.,HOU,2014,260,176,67.7,"1,994",12,4.6,6,23,142.7,Passing
Tanner Lee,TULN,2014,336,185,55.1,"1,962",12,3.6,14,23,107.6,Passing
Brandon Bridge,USA,2014,307,160,52.1,"1,927",15,4.9,8,23,115.8,Passing
Devin Gardner,MICH,2014,281,172,61.2,"1,892",10,3.6,15,24,118.8,Passing
Luke Falk,WSU,2014,243,156,64.2,"1,883",13,5.3,7,17,141.2,Passing
Cole Stoudt,CLEM,2014,301,190,63.1,"1,878",9,3.0,10,17,118.8,Passing
Jameill Showers,UTEP,2014,286,159,55.6,"1,858",12,4.2,6,13,119.8,Passing
Brandon Silvers,TROY,2014,270,190,70.4,"1,823",11,4.1,3,20,138.3,Passing
Devan Stringer,APST,2014,229,143,62.4,"1,800",12,5.2,7,8,139.7,Passing
Mitch Leidner,MINN,2014,237,122,51.5,"1,798",11,4.6,8,20,123.8,Passing
Brandon Doughty,WKU,2015,540,388,71.9,"5,048",48,8.9,9,15,176.4,Passing
Matt Johnson,BGSU,2015,570,384,67.4,"4,946",46,8.1,8,36,164.1,Passing
Jared Goff,CAL,2015,529,341,64.5,"4,714",43,8.1,13,26,161.2,Passing
Patrick Mahomes,TTU,2015,574,365,63.6,"4,658",36,6.3,15,27,147.2,Passing
Luke Falk,WSU,2015,645,448,69.5,"4,566",38,5.9,8,38,145.9,Passing
Nick Mullens,USM,2015,521,331,63.5,"4,476",38,7.3,12,24,155.2,Passing
Nick Arbuckle,GAST,2015,486,307,63.2,"4,368",28,5.8,12,32,152.7,Passing
Dane Evans,TULS,2015,485,305,62.9,"4,332",25,5.2,8,40,151.6,Passing
Deshaun Watson,CLEM,2015,491,333,67.8,"4,109",35,7.1,13,15,156.3,Passing
Chad Kelly,MISS,2015,458,298,65.1,"4,042",31,6.8,13,17,155.9,Passing
Jeff Driskel,LT,2015,448,279,62.3,"4,026",27,6.0,8,18,154.1,Passing
Brent Stockstill,MTSU,2015,489,326,66.7,"3,993",30,6.1,9,17,151.8,Passing
Mike Bercovici,AZST,2015,531,318,59.9,"3,854",30,5.6,9,37,136.1,Passing
Cooper Rush,CMU,2015,489,324,66.3,"3,853",25,5.1,11,27,144.8,Passing
Dak Prescott,MSST,2015,477,316,66.2,"3,793",29,6.1,5,32,151.0,Passing
Paxton Lynch,MEM,2015,443,296,66.8,"3,778",28,6.3,4,16,157.5,Passing
Mason Rudolph,OKST,2015,424,264,62.3,"3,770",21,5.0,9,30,149.1,Passing
Baker Mayfield,OKLA,2015,395,269,68.1,"3,700",36,9.1,7,39,173.3,Passing
Josh Rosen,UCLA,2015,487,292,60.0,"3,669",23,4.7,11,15,134.3,Passing
Trevone Boykin,TCU,2015,395,256,64.8,"3,574",31,7.8,10,11,161.7,Passing
Nate Sudfeld,IND,2015,412,247,60.0,"3,573",27,6.6,7,9,151.0,Passing
Cody Kessler,USC,2015,446,298,66.8,"3,532",29,6.5,7,38,151.7,Passing
Zach Terrell,WMU,2015,391,262,67.0,"3,526",29,7.4,9,31,162.6,Passing
Brandon Allen,ARK,2015,370,244,65.9,"3,440",30,8.1,8,14,166.5,Passing
Tanner Mangum,BYU,2015,446,267,59.9,"3,377",23,5.2,10,28,136.0,Passing
Brett Rypien,BSU,2015,428,272,63.6,"3,350",20,4.7,8,20,141.0,Passing
Brad Kaaya,MIA,2015,390,239,61.3,"3,242",16,4.1,5,16,142.1,Passing
Skyler Howard,WVU,2015,403,221,54.8,"3,145",26,6.5,14,30,134.7,Passing
Connor Cook,MSU,2015,407,228,56.0,"3,121",24,5.9,7,18,136.5,Passing
Jacob Coker,ALA,2015,392,263,67.1,"3,110",21,5.4,8,25,147.3,Passing
Marquise Williams,UNC,2015,356,218,61.2,"3,068",24,6.7,10,16,150.3,Passing
Tommy Armstrong Jr.,NEB,2015,402,222,55.2,"3,030",22,5.5,16,12,128.6,Passing
Jake Rudock,MICH,2015,389,249,64.0,"3,017",20,5.1,9,17,141.5,Passing
Phillip Walker,TEM,2015,432,245,56.7,"2,972",19,4.4,8,17,125.3,Passing
Joe Licata,BUFF,2015,449,280,62.4,"2,969",16,3.6,15,16,123.0,Passing
Phillip Ely,TOL,2015,403,226,56.1,"2,965",23,5.7,10,4,131.8,Passing
Matt Linehan,IDHO,2015,389,245,63.0,"2,960",16,4.1,11,25,134.8,Passing
Jake Browning,WASH,2015,369,233,63.1,"2,955",16,4.3,10,31,139.3,Passing
Blake Frohnapfel,MASS,2015,472,266,56.4,"2,919",16,3.4,13,26,114.0,Passing
DeShone Kizer,ND,2015,334,210,62.9,"2,880",21,6.3,10,23,150.1,Passing
Kevin Hogan,STAN,2015,304,206,67.8,"2,867",27,8.9,8,19,171.0,Passing
Greg Ward Jr.,HOU,2015,345,231,67.0,"2,827",17,4.9,6,25,148.6,Passing
Matt Johns,UVA,2015,403,247,61.3,"2,810",20,5.0,17,20,127.8,Passing
C.J. Beathard,IOWA,2015,362,223,61.6,"2,809",17,4.7,5,29,139.5,Passing
Gunner Kiel,CINN,2015,316,206,65.2,"2,777",19,6.0,11,8,151.9,Passing
Wes Lunt,ILL,2015,481,270,56.1,"2,761",14,2.9,6,18,111.5,Passing
Alex McGough,FIU,2015,420,270,64.3,"2,722",21,5.0,8,26,131.4,Passing
Mitch Leidner,MINN,2015,408,242,59.3,"2,701",14,3.4,11,16,120.9,Passing
Joel Stave,WISC,2015,370,225,60.8,"2,687",11,3.0,11,21,125.7,Passing
Nick Stevens,CSU,2015,346,210,60.7,"2,678",21,6.1,12,15,138.8,Passing
Jacoby Brissett,NCST,2015,395,237,60.0,"2,662",20,5.1,6,36,130.3,Passing
Anu Solomon,ARIZ,2015,329,205,62.3,"2,655",20,6.1,5,20,147.1,Passing
Vernon Adams,ORE,2015,259,168,64.9,"2,643",26,10.0,6,26,179.1,Passing
Blake Kemp,ECU,2015,375,259,69.1,"2,636",16,4.3,10,13,136.9,Passing
Thomas Sirk,DUKE,2015,427,251,58.8,"2,624",16,3.7,8,12,119.0,Passing
Chase Litton,MRSH,2015,384,231,60.2,"2,608",23,6.0,8,16,132.8,Passing
Christian Hackenberg,PSU,2015,359,192,53.5,"2,525",16,4.5,6,38,123.9,Passing
Tyler Jones,TXST,2015,382,223,58.4,"2,517",14,3.7,10,18,120.6,Passing
Sefo Liufau,COL,2015,344,213,61.9,"2,403",9,2.6,6,23,125.7,Passing
Taylor Lamb,APST,2015,281,168,59.8,"2,381",32,11.4,9,11,162.1,Passing
Brandon Silvers,TROY,2015,329,201,61.1,"2,375",20,6.1,7,11,137.5,Passing
Driphus Jackson,RICE,2015,316,185,58.5,"2,348",18,5.7,7,34,135.3,Passing
Joshua Dobbs,TENN,2015,344,205,59.6,"2,291",15,4.4,5,21,127.0,Passing
Quinton Flowers,USF,2015,275,162,58.9,"2,290",22,8.0,8,19,149.4,Passing
Nathan Peterman,PITT,2015,313,193,61.7,"2,287",20,6.4,8,25,139.0,Passing
Riley Neal,BALL,2015,391,228,58.3,"2,276",16,4.1,6,10,117.6,Passing
Brogan Roback,EMU,2015,344,209,60.8,"2,275",16,4.7,11,12,125.3,Passing
Cody Clements,USA,2015,324,171,52.8,"2,272",13,4.0,15,24,115.7,Passing
Matt Davis,SMU,2015,336,182,54.2,"2,259",16,4.8,7,39,122.2,Passing
Chris Laviano,RUT,2015,307,187,60.9,"2,247",16,5.2,12,24,131.8,Passing
Kyle Allen,TAMU,2015,283,160,56.5,"2,210",17,6.0,7,23,137.0,Passing
Thomas Woodson,AKR,2015,307,162,52.8,"2,202",16,5.2,11,11,123.1,Passing
Brandon Harris,LSU,2015,277,148,53.4,"2,158",13,4.7,7,16,129.3,Passing
Patrick Towles,KY,2015,326,183,56.1,"2,148",9,2.8,14,25,112.0,Passing
Tyler Stewart,NEV,2015,326,186,57.1,"2,138",15,4.6,7,22,123.0,Passing
Seth Russell,BAY,2015,200,119,59.5,"2,104",29,14.5,6,3,189.7,Passing
Travis Wilson,UTAH,2015,314,195,62.1,"2,093",13,4.1,10,23,125.4,Passing
Bryant Shirreffs,CONN,2015,279,168,60.2,"2,078",9,3.2,8,34,127.7,Passing
Garrett Smith,ULM,2015,334,191,57.2,"2,033",17,5.1,11,24,118.5,Passing
Kenny Potter,SJSU,2015,270,182,67.4,"1,984",15,5.6,7,29,142.3,Passing
Drew Hare,NIU,2015,257,164,63.8,"1,964",14,5.4,4,15,142.9,Passing
Greyson Lambert,UGA,2015,256,162,63.3,"1,959",12,4.7,2,11,141.5,Passing
Cameron Coffman,WYO,2015,241,152,63.1,"1,939",18,7.5,10,25,147.0,Passing
Perry Orth,SCAR,2015,261,143,54.8,"1,929",12,4.6,9,16,125.1,Passing
Hayden Moore,CINN,2015,225,133,59.1,"1,885",9,4.0,11,17,132.9,Passing
Lamar Jackson,LOU,2015,247,135,54.7,"1,840",12,4.9,8,25,126.8,Passing
Joe Hubener,KSST,2015,275,131,47.6,"1,837",9,3.3,10,21,107.3,Passing
Fredi Knighten,ARST,2015,252,136,54.0,"1,835",19,7.5,9,15,132.9,Passing
Derrius Vick,OHIO,2015,248,158,63.7,"1,807",10,4.0,6,21,133.4,Passing
John Wolford,WF,2015,235,142,60.4,"1,791",9,3.8,11,23,127.7,Passing
Everett Golson,FSU,2015,219,147,67.1,"1,778",11,5.0,3,18,149.2,Passing
Ryan Willis,KAN,2015,317,164,51.7,"1,719",9,2.8,11,30,99.7,Passing
Blake Decker,UNLV,2015,209,120,57.4,"1,713",12,5.7,8,9,137.6,Passing
Michael Brewer,VT,2015,216,126,58.3,"1,703",13,6.0,7,17,137.9,Passing
Treon Harris,FLA,2015,235,119,50.6,"1,676",9,3.8,6,30,118.1,Passing
Tanner Lee,TULN,2015,276,143,51.8,"1,639",11,4.0,7,20,109.8,Passing
Jaquez Johnson,FAU,2015,239,128,53.6,"1,630",9,3.8,7,17,117.4,Passing
Karson Roberts,AF,2015,148,77,52.0,"1,595",11,7.4,11,3,152.2,Passing
Kent Myers,USU,2015,199,121,60.8,"1,593",16,8.0,3,14,151.6,Passing
David Blough,PUR,2015,293,169,57.7,"1,574",10,3.4,8,18,108.6,Passing
Patrick Mahomes,TTU,2016,591,388,65.7,"5,035",41,6.9,10,27,156.7,Passing
Ryan Higgins,LT,2016,496,329,66.3,"4,617",41,8.3,8,23,168.6,Passing
Deshaun Watson,CLEM,2016,577,386,66.9,"4,589",41,7.1,17,17,151.3,Passing
Luke Falk,WSU,2016,633,443,70.0,"4,468",38,6.0,11,30,145.6,Passing
Mike White,WKU,2016,416,280,67.3,"4,363",37,8.9,7,18,181.4,Passing
Davis Webb,CAL,2016,620,382,61.6,"4,295",37,6.0,12,17,135.6,Passing
Logan Woodside,TOL,2016,418,289,69.1,"4,129",45,10.8,9,14,183.3,Passing
Mason Rudolph,OKST,2016,449,284,63.3,"4,088",28,6.2,4,31,158.5,Passing
Baker Mayfield,OKLA,2016,358,254,70.9,"3,965",40,11.2,8,18,196.4,Passing
Mitch Trubisky,UNC,2016,447,304,68.0,"3,748",30,6.7,6,20,157.9,Passing
Riley Ferguson,MEM,2016,443,280,63.2,"3,698",32,7.2,10,33,152.6,Passing
Brett Rypien,BSU,2016,394,244,61.9,"3,646",24,6.1,8,19,155.7,Passing
Trace McSorley,PSU,2016,387,224,57.9,"3,614",29,7.5,8,23,156.9,Passing
Greg Ward Jr.,HOU,2016,469,319,68.0,"3,557",22,4.7,13,33,141.7,Passing
Jerod Evans,VT,2016,422,268,63.5,"3,552",29,6.9,8,32,153.1,Passing
Lamar Jackson,LOU,2016,409,230,56.2,"3,543",30,7.3,9,45,148.8,Passing
Zach Terrell,WMU,2016,377,263,69.8,"3,533",33,8.8,4,16,175.2,Passing
Brad Kaaya,MIA,2016,421,261,62.0,"3,532",27,6.4,7,25,150.3,Passing
Austin Allen,ARK,2016,401,245,61.1,"3,430",25,6.2,15,33,146.0,Passing
Jake Browning,WASH,2016,391,243,62.1,"3,430",43,11.0,9,25,167.5,Passing
Drew Lock,MIZZ,2016,434,237,54.6,"3,399",23,5.3,10,13,133.3,Passing
Richard Lagow,IND,2016,438,253,57.8,"3,364",19,4.3,17,28,128.8,Passing
David Blough,PUR,2016,518,295,56.9,"3,352",25,4.8,21,29,119.1,Passing
Deondre Francois,FSU,2016,400,235,58.8,"3,350",20,5.0,7,34,142.1,Passing
Dane Evans,TULS,2016,433,257,59.4,"3,340",32,7.4,12,22,143.0,Passing
Skyler Howard,WVU,2016,404,247,61.1,"3,328",26,6.4,10,25,146.6,Passing
Phillip Walker,TEM,2016,395,230,58.2,"3,295",22,5.6,13,28,140.1,Passing
Nick Mullens,USM,2016,384,243,63.3,"3,272",24,6.2,11,19,149.8,Passing
Kenny Hill,TCU,2016,440,269,61.1,"3,208",17,3.9,13,26,129.2,Passing
Brent Stockstill,MTSU,2016,411,259,63.0,"3,197",31,7.5,7,9,149.8,Passing
Josh Allen,WYO,2016,372,208,55.9,"3,193",28,7.5,15,26,144.8,Passing
Brandon Silvers,TROY,2016,460,294,63.9,"3,186",23,5.0,11,7,133.8,Passing
Matt Linehan,IDHO,2016,415,257,61.9,"3,184",19,4.6,10,23,136.7,Passing
Clayton Thorson,NW,2016,478,280,58.6,"3,182",22,4.6,9,38,125.9,Passing
Sam Darnold,USC,2016,366,246,67.2,"3,086",31,8.5,9,6,161.1,Passing
Ryan Finley,NCST,2016,402,243,60.4,"3,050",18,4.5,8,15,135.0,Passing
Cooper Rush,CMU,2016,397,231,58.2,"3,009",21,5.3,15,35,131.8,Passing
Shane Buechele,TEX,2016,391,236,60.4,"2,958",21,5.4,11,28,136.0,Passing
Joshua Dobbs,TENN,2016,357,225,63.0,"2,946",27,7.6,12,24,150.6,Passing
Ben Hicks,SMU,2016,422,234,55.5,"2,930",19,4.5,15,23,121.5,Passing
DeShone Kizer,ND,2016,361,212,58.7,"2,925",26,7.2,9,25,145.6,Passing
Nathan Peterman,PITT,2016,306,185,60.5,"2,855",27,8.8,7,10,163.4,Passing
Daniel Jones,DUKE,2016,430,270,62.8,"2,836",16,3.7,9,28,126.3,Passing
David Washington,ODU,2016,341,202,59.2,"2,836",31,9.1,5,15,156.2,Passing
Quinton Flowers,USF,2016,331,207,62.5,"2,807",24,7.3,7,12,153.5,Passing
Troy Williams,UTAH,2016,390,207,53.1,"2,757",15,3.8,8,26,121.0,Passing
Jalen Hurts,ALA,2016,381,239,62.7,"2,751",22,5.8,9,20,137.7,Passing
Chad Kelly,MISS,2016,328,204,62.2,"2,749",19,5.8,9,15,146.2,Passing
Dallas Davis,USA,2016,351,200,57.0,"2,735",11,3.1,12,24,125.9,Passing
Justice Hansen,ARST,2016,340,197,57.9,"2,719",19,5.6,8,18,138.9,Passing
Brogan Roback,EMU,2016,372,219,58.9,"2,694",18,4.8,7,10,131.9,Passing
Conner Manning,GAST,2016,373,207,55.5,"2,684",16,4.3,13,10,123.1,Passing
Eric Dungey,SYR,2016,355,230,64.8,"2,679",15,4.2,7,21,138.2,Passing
Andrew Ford,MASS,2016,365,222,60.8,"2,665",26,7.1,14,32,138.0,Passing
Philip Nelson,ECU,2016,349,237,67.9,"2,621",16,4.6,8,19,141.5,Passing
Chase Litton,MRSH,2016,371,231,62.3,"2,612",24,6.5,9,23,137.9,Passing
Tyler Rogers,NMST,2016,404,224,55.4,"2,603",16,4.0,12,31,116.7,Passing
J.T. Barrett,OSU,2016,379,233,61.5,"2,555",24,6.3,7,27,135.3,Passing
Kurt Benkert,UVA,2016,406,228,56.2,"2,552",21,5.2,11,30,120.6,Passing
Riley Neal,BALL,2016,394,242,61.4,"2,541",13,3.3,12,17,120.4,Passing
Wilton Speight,MICH,2016,331,204,61.6,"2,538",18,5.4,7,20,139.8,Passing
Dru Brown,HAW,2016,335,209,62.4,"2,488",19,5.7,7,19,139.3,Passing
Trevor Knight,TAMU,2016,362,193,53.3,"2,432",19,5.2,7,12,123.2,Passing
Jacob Eason,UGA,2016,370,204,55.1,"2,430",16,4.3,8,21,120.2,Passing
Jason Driskel,FAU,2016,327,200,61.2,"2,420",9,2.8,11,22,125.7,Passing
Kyle Shurmur,VAN,2016,375,204,54.4,"2,409",9,2.4,10,32,110.9,Passing
Nick Fitzgerald,MSST,2016,360,195,54.2,"2,407",21,5.8,10,14,124.0,Passing
Kent Myers,USU,2016,362,212,58.6,"2,394",10,2.8,8,27,118.8,Passing
Sefo Liufau,COL,2016,319,200,62.7,"2,366",11,3.4,6,23,132.6,Passing
Manny Wilkins,AZST,2016,311,197,63.3,"2,329",12,3.9,9,34,133.2,Passing
Taysom Hill,BYU,2016,374,222,59.4,"2,323",12,3.2,12,20,115.7,Passing
Taylor Lamb,APST,2016,325,197,60.6,"2,281",15,4.6,8,14,129.9,Passing
Kenny Potter,SJSU,2016,308,183,59.4,"2,273",16,5.2,10,40,132.1,Passing
Tyler Jones,TXST,2016,342,220,64.3,"2,184",11,3.2,14,37,120.4,Passing
Tommy Armstrong Jr.,NEB,2016,294,151,51.4,"2,180",14,4.8,8,6,123.9,Passing
Anthony Jennings,LA,2016,323,193,59.8,"2,178",11,3.4,13,36,119.6,Passing
Dalton Sturm,UTSA,2016,299,169,56.5,"2,170",20,6.7,6,35,135.5,Passing
Mitch Leidner,MINN,2016,307,173,56.4,"2,169",8,2.6,12,16,116.5,Passing
Seth Russell,BAY,2016,278,152,54.7,"2,126",20,7.2,8,13,136.9,Passing
Danny Etling,LSU,2016,269,160,59.5,"2,123",11,4.1,5,16,135.6,Passing
James Morgan,BGSU,2016,326,183,56.1,"2,082",16,4.9,15,17,116.8,Passing
Thomas Woodson,AKR,2016,242,146,60.3,"2,079",18,7.4,6,14,152.1,Passing
Tyler Stehling,RICE,2016,315,193,61.3,"2,046",12,3.8,7,26,124.0,Passing
Stephen Johnson,KY,2016,265,145,54.7,"2,037",13,4.9,6,20,130.9,Passing
Chason Virgil,FRES,2016,322,166,51.6,"2,021",13,4.0,10,21,111.4,Passing
Bryant Shirreffs,CONN,2016,283,166,58.7,"2,010",7,2.5,6,23,122.2,Passing
Christian Chapman,SDSU,2016,251,153,61.0,"1,994",20,8.0,6,26,149.2,Passing
McKenzie Milton,UCF,2016,336,194,57.7,"1,983",10,3.0,7,24,113.0,Passing
Tyler O'Connor,MSU,2016,262,154,58.8,"1,970",16,6.1,9,21,135.2,Passing
Nick Stevens,CSU,2016,200,128,64.0,"1,933",19,9.5,5,4,171.5,Passing
C.J. Beathard,IOWA,2016,301,170,56.5,"1,929",17,5.6,10,30,122.3,Passing
Josh Rosen,UCLA,2016,231,137,59.3,"1,915",10,4.3,5,13,138.9,Passing
Alex McGough,FIU,2016,286,167,58.4,"1,891",13,4.5,11,11,121.2,Passing
Greg Windham,OHIO,2016,296,160,54.1,"1,882",14,4.7,8,9,117.7,Passing
Justin Herbert,ORE,2016,250,159,63.6,"1,866",19,7.6,4,19,148.2,Passing
Jacob Park,IAST,2016,226,133,58.8,"1,791",12,5.3,5,12,138.5,Passing
John Wolford,WF,2016,299,166,55.5,"1,774",9,3.0,10,33,108.6,Passing
Tyree Jackson,BUFF,2016,311,165,53.1,"1,772",9,2.9,9,10,104.7,Passing
Patrick Towles,BC,2016,273,138,50.5,"1,762",12,4.4,7,26,114.1,Passing
Jesse Ertz,KSST,2016,264,152,57.6,"1,755",9,3.4,4,22,121.6,Passing
Mason Rudolph,OKST,2017,489,318,65.0,"4,904",37,7.6,9,22,170.6,Passing
Baker Mayfield,OKLA,2017,404,285,70.5,"4,627",43,10.6,6,26,198.9,Passing
Riley Ferguson,MEM,2017,474,299,63.1,"4,257",38,8.0,9,21,161.2,Passing
Mike White,WKU,2017,560,368,65.7,"4,177",26,4.6,8,44,140.8,Passing
Sam Darnold,USC,2017,480,303,63.1,"4,143",26,5.4,13,29,148.1,Passing
Mason Fine,UNT,2017,510,323,63.3,"4,044",31,6.1,15,38,144.1,Passing
McKenzie Milton,UCF,2017,395,265,67.1,"4,037",37,9.4,9,11,179.3,Passing
Tyler Rogers,NMST,2017,566,348,61.5,"4,016",27,4.8,18,29,130.5,Passing
Justice Hansen,ARST,2017,487,305,62.6,"3,967",37,7.6,16,33,149.6,Passing
Drew Lock,MIZZ,2017,419,242,57.8,"3,964",44,10.5,13,11,165.7,Passing
Nic Shimonek,TTU,2017,493,328,66.5,"3,963",33,6.7,10,27,152.1,Passing
Logan Woodside,TOL,2017,411,264,64.2,"3,882",28,6.8,8,22,162.2,Passing
Nick Stevens,CSU,2017,459,284,61.9,"3,804",29,6.3,10,13,148.0,Passing
Josh Rosen,UCLA,2017,451,282,62.5,"3,717",26,5.8,10,26,146.3,Passing
Lamar Jackson,LOU,2017,430,254,59.1,"3,660",27,6.3,10,28,146.6,Passing
Luke Falk,WSU,2017,534,357,66.9,"3,593",30,5.6,13,39,137.0,Passing
Trace McSorley,PSU,2017,427,284,66.5,"3,570",28,6.6,10,27,153.7,Passing
Ben Hicks,SMU,2017,472,276,58.5,"3,569",33,7.0,12,20,140.0,Passing
Ryan Finley,NCST,2017,478,311,65.1,"3,514",17,3.6,6,13,136.0,Passing
Will Grier,WVU,2017,388,250,64.4,"3,490",34,8.8,12,14,162.7,Passing
Brandon Silvers,TROY,2017,444,283,63.7,"3,290",17,3.8,7,15,135.5,Passing
Manny Wilkins,AZST,2017,410,260,63.4,"3,270",20,4.9,8,40,142.6,Passing
Shane Morris,CMU,2017,445,248,55.7,"3,239",27,6.1,17,23,129.3,Passing
Kurt Benkert,UVA,2017,509,298,58.5,"3,207",25,4.9,9,31,124.1,Passing
John Wolford,WF,2017,374,239,63.9,"3,192",29,7.8,6,14,158.0,Passing
Jarrett Stidham,AUB,2017,370,246,66.5,"3,158",18,4.9,6,35,151.0,Passing
Kenny Hill,TCU,2017,400,269,67.2,"3,152",23,5.8,8,16,148.4,Passing
Conner Manning,GAST,2017,403,259,64.3,"3,146",14,3.5,7,21,137.8,Passing
Tanner Lee,NEB,2017,428,246,57.5,"3,143",23,5.4,16,18,129.4,Passing
Chase Litton,MRSH,2017,443,266,60.0,"3,115",25,5.6,14,11,131.4,Passing
Malik Rosier,MIA,2017,414,223,53.9,"3,111",26,6.3,14,27,130.9,Passing
J.T. Barrett,OSU,2017,370,239,64.6,"3,042",35,9.5,9,19,160.0,Passing
Ross Bowers,CAL,2017,461,272,59.0,"3,039",18,3.9,12,33,122.1,Passing
Josh Jackson,VT,2017,396,236,59.6,"2,991",20,5.1,9,22,135.2,Passing
Steven Montez,COL,2017,377,228,60.5,"2,975",18,4.8,9,34,137.7,Passing
J'mar Smith,LT,2017,409,229,56.0,"2,974",16,3.9,5,25,127.5,Passing
Andrew Ford,MASS,2017,353,223,63.2,"2,924",22,6.2,4,37,151.1,Passing
Quinton Flowers,USF,2017,355,188,53.0,"2,911",25,7.0,6,17,141.7,Passing
Brogan Roback,EMU,2017,409,245,59.9,"2,890",19,4.6,15,16,127.3,Passing
Caleb Evans,ULM,2017,344,211,61.3,"2,878",17,4.9,6,17,144.4,Passing
Brett Rypien,BSU,2017,346,216,62.4,"2,857",16,4.6,6,20,143.6,Passing
Clayton Thorson,NW,2017,434,262,60.4,"2,844",15,3.5,12,30,121.3,Passing
Kyle Shurmur,VAN,2017,380,220,57.9,"2,823",26,6.8,10,19,137.6,Passing
Kelly Bryant,CLEM,2017,398,262,65.8,"2,802",13,3.3,8,26,131.7,Passing
Alex McGough,FIU,2017,355,232,65.4,"2,798",17,4.8,8,21,142.9,Passing
Jake Bentley,SCAR,2017,394,245,62.2,"2,794",18,4.6,12,29,130.7,Passing
Brian Lewerke,MSU,2017,417,246,59.0,"2,793",20,4.8,7,18,127.7,Passing
Dru Brown,HAW,2017,412,254,61.7,"2,785",18,4.4,8,29,129.0,Passing
Ty Gangi,NEV,2017,374,228,61.0,"2,746",25,6.7,11,7,138.8,Passing
Taylor Lamb,APST,2017,337,206,61.1,"2,737",27,8.0,6,9,152.2,Passing
Marcus McMaryion,FRES,2017,351,218,62.1,"2,726",14,4.0,5,8,137.7,Passing
Jake Browning,WASH,2017,336,230,68.5,"2,719",19,5.7,5,19,152.1,Passing
Daniel Jones,DUKE,2017,453,257,56.7,"2,691",14,3.1,11,28,112.0,Passing
Alex Hornibrook,WISC,2017,318,198,62.3,"2,644",25,7.9,15,21,148.6,Passing
Jake Fromm,UGA,2017,291,181,62.2,"2,615",24,8.2,7,20,160.1,Passing
Hayden Moore,CINN,2017,424,239,56.4,"2,562",20,4.7,9,15,118.4,Passing
Eric Dungey,SYR,2017,378,225,59.5,"2,495",14,3.7,9,26,122.4,Passing
Danny Etling,LSU,2017,275,165,60.0,"2,465",16,5.8,2,27,153.0,Passing
Nathan Stanley,IOWA,2017,351,196,55.8,"2,437",26,7.4,6,25,135.2,Passing
Tyler Huntley,UTAH,2017,312,199,63.8,"2,411",15,4.8,10,30,138.1,Passing
A.J. Erdely,UAB,2017,338,205,60.7,"2,331",16,4.7,4,23,131.8,Passing
Stephen Johnson,KY,2017,316,189,59.8,"2,305",10,3.2,6,27,127.7,Passing
Bryant Shirreffs,CONN,2017,260,171,65.8,"2,287",14,5.4,5,27,153.6,Passing
Shea Patterson,MISS,2017,260,166,63.8,"2,259",17,6.5,9,19,151.5,Passing
Jason Driskel,FAU,2017,278,185,66.5,"2,247",15,5.4,4,7,149.4,Passing
James Blackman,FSU,2017,297,173,58.2,"2,230",19,6.4,11,29,135.0,Passing
Nathan Rourke,OHIO,2017,292,161,55.1,"2,216",17,5.8,7,16,133.3,Passing
Dalton Sturm,UTSA,2017,297,185,62.3,"2,185",15,5.1,5,23,137.4,Passing
Gardner Minshew,ECU,2017,304,174,57.2,"2,140",16,5.3,7,8,129.1,Passing
Elijah Sindelar,PUR,2017,328,186,56.7,"2,099",18,5.5,7,18,124.3,Passing
Tyree Jackson,BUFF,2017,237,143,60.3,"2,096",12,5.1,3,9,148.8,Passing
Jalen Hurts,ALA,2017,255,154,60.4,"2,081",17,6.7,1,24,150.2,Passing
Damian Williams,TXST,2017,333,194,58.3,"2,061",12,3.6,9,27,116.7,Passing
Matt Linehan,IDHO,2017,281,173,61.6,"2,056",16,5.7,4,32,139.0,Passing
Gus Ragland,MIOH,2017,270,152,56.3,"2,041",19,7.0,7,18,137.8,Passing
Justin Herbert,ORE,2017,206,139,67.5,"1,983",15,7.3,5,10,167.5,Passing
Richard Lagow,IND,2017,295,172,58.3,"1,936",15,5.1,8,16,124.8,Passing
Sam Ehlinger,TEX,2017,275,158,57.5,"1,915",11,4.0,7,11,124.1,Passing
Kwadra Griggs,USM,2017,265,148,55.8,"1,879",16,6.0,2,10,133.8,Passing
Christian Chapman,SDSU,2017,244,146,59.8,"1,873",13,5.3,4,28,138.6,Passing
Brandon Wimbush,ND,2017,275,136,49.5,"1,870",16,5.8,6,24,121.4,Passing
Josh Allen,WYO,2017,270,152,56.3,"1,812",16,5.9,6,22,127.8,Passing
Jonathan Banks,TULN,2017,219,124,56.6,"1,797",12,5.5,5,20,139.1,Passing
Nick Starkel,TAMU,2017,205,123,60.0,"1,793",14,6.8,6,8,150.2,Passing
Kyle Kempt,IAST,2017,243,161,66.3,"1,787",15,6.2,3,12,145.9,Passing
Nick Fitzgerald,MSST,2017,286,159,55.6,"1,782",15,5.2,11,7,117.5,Passing
Thomas Woodson,AKR,2017,278,159,57.2,"1,782",14,5.0,9,17,121.2,Passing
Jordan Ta'amu,MISS,2017,173,115,66.5,"1,682",11,6.4,4,13,164.5,Passing
Marcus Childers,NIU,2017,265,152,57.4,"1,674",16,6.0,5,17,126.6,Passing
Brent Stockstill,MTSU,2017,239,138,57.7,"1,672",16,6.7,8,13,131.9,Passing
Logan Marchi,TEM,2017,245,136,55.5,"1,658",9,3.7,8,11,117.9,Passing
Thomas Sirk,ECU,2017,238,132,55.5,"1,655",9,3.8,9,7,118.8,Passing
Jordan Love,USU,2017,233,128,54.9,"1,634",8,3.4,6,7,120.0,Passing
Peyton Bender,KAN,2017,273,148,54.2,"1,609",10,3.7,10,17,108.5,Passing
Frank Nutile,TEM,2017,199,122,61.3,"1,600",12,6.0,7,7,141.7,Passing
K.J. Costello,STAN,2017,212,125,59.0,"1,598",14,6.6,4,8,140.3,Passing
Khalil Tate,ARIZ,2017,178,110,61.8,"1,579",14,7.9,9,12,152.2,Passing
Tanner Mangum,BYU,2017,257,147,57.2,"1,540",8,3.1,9,13,110.8,Passing
Montel Aaron,SJSU,2017,225,126,56.0,"1,531",8,3.6,10,22,116.0,Passing
Steven Williams,ODU,2017,263,147,55.9,"1,528",6,2.3,11,16,103.9,Passing
Gardner Minshew,WSU,2018,662,468,70.7,"4,776",38,5.7,9,13,147.5,Passing
Dwayne Haskins,OSU,2018,532,372,69.9,"4,753",49,9.2,8,20,172.4,Passing
Kyler Murray,OKLA,2018,377,260,69.0,"4,361",42,11.1,7,18,199.2,Passing
Taylor Cornelius,OKST,2018,485,288,59.4,"3,978",32,6.6,13,32,144.7,Passing
Tua Tagovailoa,ALA,2018,355,245,69.0,"3,966",43,12.1,6,13,199.4,Passing
Ryan Finley,NCST,2018,484,326,67.4,"3,928",25,5.2,11,11,148.0,Passing
Jordan Ta'amu,MISS,2018,418,266,63.6,"3,918",19,4.5,8,28,153.5,Passing
Cole McDonald,HAW,2018,484,285,58.9,"3,875",36,7.4,10,34,146.6,Passing
Will Grier,WVU,2018,397,266,67.0,"3,864",37,9.3,8,24,175.5,Passing
Mason Fine,UNT,2018,469,303,64.6,"3,793",27,5.8,5,23,149.4,Passing
David Blough,PUR,2018,462,305,66.0,"3,705",25,5.4,10,28,146.9,Passing
Brett Rypien,BSU,2018,447,301,67.3,"3,705",30,6.7,7,32,156.0,Passing
Marcus McMaryion,FRES,2018,427,293,68.6,"3,629",25,5.9,5,13,157.0,Passing
Jordan Love,USU,2018,417,267,64.0,"3,567",32,7.7,6,9,158.3,Passing
Brent Stockstill,MTSU,2018,464,326,70.3,"3,544",29,6.2,10,40,150.7,Passing
K.J. Costello,STAN,2018,413,269,65.1,"3,540",29,7.0,11,23,155.0,Passing
Drew Lock,MIZZ,2018,437,275,62.9,"3,498",28,6.4,8,13,147.7,Passing
Justice Hansen,ARST,2018,434,286,65.9,"3,447",27,6.2,9,23,149.0,Passing
Ty Gangi,NEV,2018,443,268,60.5,"3,331",24,5.4,13,11,135.7,Passing
Brady White,MEM,2018,392,246,62.8,"3,296",26,6.6,9,25,150.7,Passing
Sam Ehlinger,TEX,2018,425,275,64.7,"3,292",25,5.9,5,25,146.8,Passing
Trevor Lawrence,CLEM,2018,398,259,65.1,"3,280",30,7.5,4,12,157.2,Passing
Jake Browning,WASH,2018,388,252,64.9,"3,192",16,4.1,10,23,142.5,Passing
Clayton Thorson,NW,2018,490,299,61.0,"3,183",17,3.5,15,35,120.9,Passing
Jake Bentley,SCAR,2018,389,240,61.7,"3,171",27,6.9,14,21,145.9,Passing
J'mar Smith,LT,2018,461,264,57.3,"3,160",15,3.3,10,32,121.2,Passing
Justin Herbert,ORE,2018,404,240,59.4,"3,151",29,7.2,8,21,144.7,Passing
Tyree Jackson,BUFF,2018,407,225,55.3,"3,131",28,6.9,12,15,136.7,Passing
Kyle Shurmur,VAN,2018,406,254,62.6,"3,130",24,5.9,6,21,143.9,Passing
Kellen Mond,TAMU,2018,415,238,57.3,"3,107",24,5.8,9,34,135.0,Passing
Stephen Calvert,LIB,2018,439,240,54.7,"3,068",21,4.8,18,20,121.0,Passing
Manny Wilkins,AZST,2018,393,247,62.8,"3,025",20,5.1,6,16,141.2,Passing
Charlie Brewer,BAY,2018,390,240,61.5,"3,019",19,4.9,9,32,138.0,Passing
Blake LaRussa,ODU,2018,393,249,63.4,"3,014",19,4.8,10,29,138.6,Passing
D'Eriq King,HOU,2018,345,219,63.5,"2,982",36,10.4,6,14,167.0,Passing
Joe Burrow,LSU,2018,379,219,57.8,"2,894",16,4.2,5,35,133.2,Passing
Peyton Ramsey,IND,2018,447,295,66.0,"2,875",19,4.3,13,27,128.2,Passing
Caleb Evans,ULM,2018,374,231,61.8,"2,869",16,4.3,12,21,133.9,Passing
Eric Dungey,SYR,2018,371,226,60.9,"2,868",18,4.9,9,25,137.0,Passing
Nathan Stanley,IOWA,2018,396,235,59.3,"2,852",26,6.6,10,15,136.5,Passing
Steven Montez,COL,2018,399,258,64.7,"2,849",19,4.8,9,30,135.8,Passing
Jarrett Stidham,AUB,2018,369,224,60.7,"2,794",18,4.9,5,23,137.7,Passing
Jake Fromm,UGA,2018,307,207,67.4,"2,761",30,9.8,6,16,171.3,Passing
Deondre Francois,FSU,2018,396,227,57.3,"2,731",15,3.8,12,29,121.7,Passing
James Morgan,FIU,2018,326,213,65.3,"2,727",26,8.0,7,9,157.6,Passing
Ryan Willis,VT,2018,364,213,58.5,"2,716",24,6.6,9,22,138.0,Passing
Blake Barnett,USF,2018,350,214,61.1,"2,704",12,3.4,11,29,131.1,Passing
Bryce Perkins,UVA,2018,349,225,64.5,"2,680",25,7.2,9,31,147.5,Passing
Daniel Jones,DUKE,2018,392,237,60.5,"2,674",22,5.6,9,28,131.7,Passing
JT Daniels,USC,2018,363,216,59.5,"2,672",14,3.9,10,25,128.6,Passing
McKenzie Milton,UCF,2018,289,171,59.2,"2,663",25,8.7,6,9,161.0,Passing
Jarret Doege,BGSU,2018,389,242,62.2,"2,660",27,6.9,12,29,136.4,Passing
Alan Bowman,TTU,2018,327,227,69.4,"2,638",17,5.2,7,8,150.1,Passing
Ian Book,ND,2018,314,214,68.2,"2,628",19,6.1,7,18,154.0,Passing
Shea Patterson,MICH,2018,326,210,64.4,"2,600",22,6.7,7,21,149.4,Passing
Ben Hicks,SMU,2018,372,208,55.9,"2,582",19,5.1,7,28,127.3,Passing
Josh Adkins,NMST,2018,393,222,56.5,"2,563",13,3.3,9,26,117.6,Passing
Anthony Russo,TEM,2018,345,198,57.4,"2,563",14,4.1,14,14,125.1,Passing
Gus Ragland,MIOH,2018,371,226,60.9,"2,547",17,4.6,5,19,131.0,Passing
Chris Robison,FAU,2018,304,192,63.2,"2,533",12,3.9,12,9,138.3,Passing
Trace McSorley,PSU,2018,361,192,53.2,"2,530",18,5.0,7,27,124.6,Passing
Khalil Tate,ARIZ,2018,302,170,56.3,"2,530",26,8.6,8,14,149.8,Passing
Isaiah Green,MRSH,2018,330,187,56.7,"2,459",15,4.5,10,9,128.2,Passing
Feleipe Franks,FLA,2018,322,188,58.4,"2,457",24,7.5,6,15,143.3,Passing
Desmond Ridder,CINN,2018,311,194,62.4,"2,445",20,6.4,5,20,146.4,Passing
Nathan Rourke,OHIO,2018,274,164,59.9,"2,434",23,8.4,8,19,156.3,Passing
Adrian Martinez,NEB,2018,325,209,64.3,"2,404",15,4.6,7,21,137.4,Passing
Jack Abraham,USM,2018,305,223,73.1,"2,347",15,4.9,10,24,147.4,Passing
Woody Barrett,KENT,2018,390,229,58.7,"2,339",11,2.8,9,41,113.8,Passing
Kato Nelson,AKR,2018,342,178,52.0,"2,329",15,4.4,8,31,119.0,Passing
Andre Nunez,LA,2018,287,182,63.4,"2,272",20,7.0,12,22,144.5,Passing
K.J. Carta-Samuels,CSU,2018,296,183,61.8,"2,261",19,6.4,9,17,141.1,Passing
Brock Purdy,IAST,2018,220,146,66.4,"2,250",16,7.3,7,21,169.9,Passing
Marcus Childers,NIU,2018,397,234,58.9,"2,175",15,3.8,10,40,112.4,Passing
Nathan Elliott,UNC,2018,325,201,61.8,"2,169",11,3.4,9,5,123.5,Passing
Anthony Brown,BC,2018,285,158,55.4,"2,121",20,7.0,9,19,134.8,Passing
Dan Ellington,GAST,2018,292,174,59.6,"2,119",12,4.1,5,23,130.7,Passing
Brian Lewerke,MSU,2018,339,184,54.3,"2,040",8,2.4,11,19,106.1,Passing
Zac Thomas,APST,2018,254,159,62.6,"2,039",21,8.3,6,14,152.6,Passing
Jon Wassink,WMU,2018,245,151,61.6,"1,994",16,6.5,6,4,146.7,Passing
Sam Hartman,WF,2018,291,161,55.3,"1,984",16,5.5,8,22,125.2,Passing
Kenny Pickett,PITT,2018,310,180,58.1,"1,969",12,3.9,6,32,120.3,Passing
Josh Love,SJSU,2018,289,162,56.1,"1,963",14,4.8,9,18,122.9,Passing
David Pindell,CONN,2018,313,186,59.4,"1,962",19,6.1,13,26,123.8,Passing
Jawon Pass,LOU,2018,300,162,54.0,"1,960",8,2.7,12,30,109.7,Passing
Riley Neal,BALL,2018,335,194,57.9,"1,917",11,3.3,4,14,114.4,Passing
Jarrett Guarantano,TENN,2018,246,153,62.2,"1,907",12,4.9,3,22,141.0,Passing
Peyton Bender,KAN,2018,321,183,57.0,"1,894",13,4.0,3,23,118.1,Passing
Terry Wilson,KY,2018,268,180,67.2,"1,889",11,4.1,8,29,133.9,Passing
Tyler Wiegers,EMU,2018,265,171,64.5,"1,887",11,4.2,3,25,135.8,Passing
Eli Peters,TOL,2018,265,146,55.1,"1,837",18,6.8,7,10,130.5,Passing
Ross Comis,MASS,2018,194,122,62.9,"1,799",14,7.2,3,24,161.5,Passing
Evan Orth,USA,2018,222,145,65.3,"1,795",11,5.0,6,14,144.2,Passing
Tyler Huntley,UTAH,2018,234,150,64.1,"1,788",12,5.1,6,22,140.1,Passing
Holton Ahlers,ECU,2018,263,127,48.3,"1,785",12,4.6,3,14,118.1,Passing
Nick Fitzgerald,MSST,2018,281,145,51.6,"1,767",16,5.7,9,25,116.8,Passing
Sawyer Smith,TROY,2018,230,144,62.6,"1,669",14,6.1,6,12,138.4,Passing
Jake Luton,ORST,2018,224,140,62.5,"1,660",10,4.5,4,16,135.9,Passing
Ryan Agnew,SDSU,2018,223,115,51.6,"1,651",10,4.5,6,23,123.2,Passing
Reid Herring,ECU,2018,288,154,53.5,"1,607",6,2.1,10,10,100.3,Passing
Case Keenum,HOU,2009,700,492,70.3,"5,671",44,6.3,15,--,154.8,Passing
Levi Brown,TROY,2009,504,321,63.7,"4,254",23,4.6,9,--,146.1,Passing
Tyler Sheehan,BGSU,2009,575,373,64.9,"4,051",27,4.7,7,--,137.1,Passing
Jimmy Clausen,ND,2009,425,289,68.0,"3,722",28,6.6,4,--,161.4,Passing
Ryan Mallett,ARK,2009,403,225,55.8,"3,624",30,7.4,7,--,152.5,Passing
Todd Reesing,KAN,2009,496,313,63.1,"3,616",22,4.4,10,--,134.9,Passing
Blaine Gabbert,MIZZ,2009,445,262,58.9,"3,593",24,5.4,9,--,140.5,Passing
Jerrod Johnson,TAMU,2009,497,296,59.6,"3,579",30,6.0,8,--,136.7,Passing
Max Hall,BYU,2009,409,275,67.2,"3,560",33,8.1,14,--,160.1,Passing
Kellen Moore,BSU,2009,431,277,64.3,"3,536",39,9.0,3,--,161.7,Passing
Colt McCoy,TEX,2009,470,332,70.6,"3,521",27,5.7,12,--,147.4,Passing
Taylor Potts,TTU,2009,470,309,65.7,"3,440",22,4.7,13,--,137.1,Passing
Dan LeFevour,CMU,2009,456,318,69.7,"3,438",28,6.1,7,--,150.3,Passing
Mike Kafka,NW,2009,492,319,64.8,"3,430",16,3.3,12,--,129.3,Passing
Jacory Harris,MIA,2009,406,242,59.6,"3,352",24,5.9,17,--,140.1,Passing
Thaddeus Lewis,DUKE,2009,449,274,61.0,"3,330",20,4.5,8,--,134.5,Passing
Trevor Vittatoe,UTEP,2009,409,224,54.8,"3,308",17,4.2,13,--,130.1,Passing
Sean Canfield,ORST,2009,446,303,67.9,"3,271",21,4.7,7,--,141.9,Passing
Tim Hiller,WMU,2009,514,309,60.1,"3,249",23,4.5,13,--,122.9,Passing
Landry Jones,OKLA,2009,449,261,58.1,"3,198",26,5.8,14,--,130.8,Passing
Riley Skinner,WF,2009,400,264,66.0,"3,160",26,6.5,12,--,147.8,Passing
Ryan Lindley,SDSU,2009,437,239,54.7,"3,054",23,5.3,16,--,123.4,Passing
Russell Wilson,NCST,2009,378,224,59.3,"3,027",31,8.2,11,--,147.8,Passing
Joey Elliott,PUR,2009,433,267,61.7,"3,026",22,5.1,13,--,131.1,Passing
Daryll Clark,PSU,2009,381,232,60.9,"3,003",24,6.3,10,--,142.6,Passing
Patrick Pinkney,ECU,2009,440,259,58.9,"2,947",15,3.4,12,--,120.9,Passing
Ben Chappell,IND,2009,428,268,62.6,"2,941",17,4.0,15,--,126.4,Passing
Nathan Enderle,IDHO,2009,312,192,61.5,"2,906",22,7.1,9,--,157.3,Passing
Tim Tebow,FLA,2009,314,213,67.8,"2,895",21,6.7,5,--,164.2,Passing
Diondre Borel,USU,2009,366,214,58.5,"2,885",17,4.6,4,--,137.8,Passing
Stephen Garcia,SCAR,2009,432,239,55.3,"2,862",17,3.9,10,--,119.3,Passing
Kevin Riley,CAL,2009,382,209,54.7,"2,850",18,4.7,8,--,128.7,Passing
Jonathan Crompton,TENN,2009,384,224,58.3,"2,800",27,7.0,13,--,136.0,Passing
Jake Locker,WASH,2009,395,230,58.2,"2,800",21,5.3,11,--,129.7,Passing
Dwight Dasher,MTSU,2009,399,219,54.9,"2,789",23,5.8,14,--,125.6,Passing
Andy Dalton,TCU,2009,323,199,61.6,"2,756",23,7.1,8,--,151.8,Passing
Matt Barkley,USC,2009,352,211,59.9,"2,735",15,4.3,14,--,131.3,Passing
G.J. Kinne,TULS,2009,345,210,60.9,"2,732",22,6.4,10,--,142.6,Passing
Christian Ponder,FSU,2009,330,227,68.8,"2,717",14,4.2,7,--,147.7,Passing
Scott Tolzien,WISC,2009,328,211,64.3,"2,705",16,4.9,11,--,143.0,Passing
Zach Maynard,BUFF,2009,379,218,57.5,"2,694",18,4.7,15,--,125.0,Passing
Kirk Cousins,MSU,2009,328,198,60.4,"2,680",19,5.8,9,--,142.6,Passing
Brian Anderson,MRSH,2009,398,231,58.0,"2,646",14,3.5,13,--,119.0,Passing
Bill Stull,PITT,2009,321,209,65.1,"2,633",21,6.5,8,--,150.6,Passing
Jevan Snead,MISS,2009,351,191,54.4,"2,632",20,5.7,20,--,124.8,Passing
Chris Todd,AUB,2009,328,198,60.4,"2,612",22,6.7,6,--,145.7,Passing
Zac Dysert,MIOH,2009,401,247,61.6,"2,611",12,3.0,16,--,118.2,Passing
Joe Cox,UGA,2009,331,185,55.9,"2,584",24,7.3,15,--,136.3,Passing
Adam Weber,MINN,2009,367,191,52.0,"2,582",13,3.5,15,--,114.7,Passing
Andrew Luck,STAN,2009,288,162,56.2,"2,575",13,4.5,4,--,143.5,Passing
Kyle Parker,CLEM,2009,369,205,55.6,"2,526",20,5.4,12,--,124.4,Passing
Tony Pike,CINN,2009,338,211,62.4,"2,520",29,8.6,6,--,149.8,Passing
Greg McElroy,ALA,2009,325,198,60.9,"2,508",17,5.2,4,--,140.5,Passing
Nick Foles,ARIZ,2009,409,260,63.6,"2,486",19,4.6,9,--,125.6,Passing
Ryan Colburn,FRES,2009,298,181,60.7,"2,459",19,6.4,11,--,143.7,Passing
Brett Hodges,UCF,2009,329,197,59.9,"2,438",17,5.2,13,--,131.3,Passing
Ricky Stanzi,IOWA,2009,304,171,56.2,"2,417",17,5.6,15,--,131.6,Passing
Donovan Porterie,UNM,2009,432,249,57.6,"2,411",12,2.8,13,--,107.7,Passing
Chris Masson,ULL,2009,373,222,59.5,"2,406",10,2.7,8,--,118.3,Passing
Bryant Moniz,HAW,2009,319,182,57.1,"2,396",14,4.4,10,--,128.4,Passing
Theo Scott,OHIO,2009,344,199,57.8,"2,369",20,5.8,11,--,128.5,Passing
Paul McCall,FIU,2009,370,208,56.2,"2,343",14,3.8,8,--,117.6,Passing
Tyrod Taylor,VT,2009,243,136,56.0,"2,311",13,5.3,5,--,149.4,Passing
Joe Webb,UAB,2009,271,162,59.8,"2,299",21,7.7,8,--,150.7,Passing
Omar Clayton,UNLV,2009,326,196,60.1,"2,230",13,4.0,12,--,123.4,Passing
Tom Savage,RUT,2009,285,149,52.3,"2,211",14,4.9,7,--,128.7,Passing
Jordan Jefferson,LSU,2009,296,182,61.5,"2,166",17,5.7,7,--,137.2,Passing
Spencer Keith,KENT,2009,294,168,57.1,"2,147",14,4.8,11,--,126.7,Passing
Jeremiah Masoli,ORE,2009,305,177,58.0,"2,147",15,4.9,6,--,129.5,Passing
Jarrett Brown,WVU,2009,296,187,63.2,"2,144",11,3.7,9,--,130.2,Passing
Zac Lee,NEB,2009,302,177,58.6,"2,143",14,4.6,10,--,126.9,Passing
T.J. Yates,UNC,2009,355,214,60.3,"2,136",14,3.9,15,--,115.4,Passing
Ross Jenkins,LT,2009,290,172,59.3,"2,095",17,5.9,5,--,135.9,Passing
Terrelle Pryor,OSU,2009,295,167,56.6,"2,094",18,6.1,11,--,128.9,Passing
Zac Robinson,OKST,2009,301,180,59.8,"2,084",15,5.0,12,--,126.4,Passing
Chris Turner,MD,2009,303,180,59.4,"2,069",10,3.3,10,--,121.1,Passing
Colin Kaepernick,NEV,2009,282,166,58.9,"2,052",20,7.1,6,--,139.1,Passing
Tate Forcier,MICH,2009,281,165,58.7,"2,050",13,4.6,10,--,128.1,Passing
Kevin Prince,UCLA,2009,308,173,56.2,"2,050",8,2.6,8,--,115.5,Passing
Dave Shinskie,BC,2009,288,149,51.7,"2,049",15,5.2,14,--,119.0,Passing
Greg Paulus,SYR,2009,285,193,67.7,"2,024",13,4.6,14,--,132.6,Passing
Austen Arnaud,IAST,2009,303,178,58.7,"2,015",14,4.6,13,--,121.3,Passing
Aaron Opelt,TOL,2009,261,154,59.0,"1,997",16,6.1,10,--,135.8,Passing
B.J. Daniels,USF,2009,227,122,53.7,"1,983",14,6.2,9,--,139.5,Passing
Riley Dodge,UNT,2009,303,205,67.7,"1,975",9,3.0,15,--,122.3,Passing
Austyn Carta-Samuels,WYO,2009,326,191,58.6,"1,953",10,3.1,5,--,116.0,Passing
Danny Sullivan,AZST,2009,312,168,53.8,"1,939",10,3.2,9,--,110.9,Passing
Jordan La Secla,SJSU,2009,304,182,59.9,"1,926",10,3.3,11,--,116.7,Passing
Kyle Padron,SMU,2009,201,135,67.2,"1,922",10,5.0,4,--,159.9,Passing
Rusty Smith,FAU,2009,253,145,57.3,"1,915",14,5.5,5,--,135.2,Passing
Grant Stucker,CSU,2009,251,133,53.0,"1,874",12,4.8,12,--,121.9,Passing
Martevious Young,USM,2009,230,132,57.4,"1,861",16,7.0,3,--,145.7,Passing
Jameel Sewell,UVA,2009,292,157,53.8,"1,848",7,2.4,7,--,110.0,Passing
Nick Florence,BAY,2009,266,165,62.0,"1,786",6,2.3,9,--,119.1,Passing
Trey Revell,ULM,2009,210,121,57.6,"1,739",12,5.7,12,--,134.6,Passing
Bo Levi Mitchell,SMU,2009,266,149,56.0,"1,725",12,4.5,10,--,117.9,Passing
Joshua Nesbitt,GT,2009,162,75,46.3,"1,701",10,6.2,5,--,148.7,Passing
Chandler Harnish,NIU,2009,223,143,64.1,"1,670",11,4.9,6,--,137.9,Passing
Isiah Williams,ILL,2009,227,131,57.7,"1,632",12,5.3,7,--,129.4,Passing
Terrance Cain,UTAH,2009,215,137,63.7,"1,624",11,5.1,5,--,139.4,Passing
Bryant Moniz,HAW,2010,555,361,65.0,"5,040",39,7.0,15,--,159.1,Passing
Landry Jones,OKLA,2010,617,405,65.6,"4,718",38,6.2,12,--,146.3,Passing
Brandon Weeden,OKST,2010,511,342,66.9,"4,277",34,6.7,13,--,154.1,Passing
Dominique Davis,ECU,2010,609,393,64.5,"3,967",37,6.1,16,--,134.0,Passing
Ryan Mallett,ARK,2010,411,266,64.7,"3,869",32,7.8,12,--,163.6,Passing
Kellen Moore,BSU,2010,383,273,71.3,"3,845",35,9.1,6,--,182.6,Passing
Ryan Lindley,SDSU,2010,421,243,57.7,"3,830",28,6.7,14,--,149.4,Passing
Kyle Padron,SMU,2010,508,302,59.4,"3,828",31,6.1,14,--,137.4,Passing
Taylor Potts,TTU,2010,551,369,67.0,"3,726",35,6.4,10,--,141.1,Passing
Corey Robinson,TROY,2010,505,321,63.6,"3,726",28,5.5,15,--,137.9,Passing
G.J. Kinne,TULS,2010,460,275,59.8,"3,650",31,6.7,10,--,144.3,Passing
Russell Wilson,NCST,2010,527,308,58.4,"3,563",28,5.3,14,--,127.5,Passing
Robert Griffin III,BAY,2010,454,304,67.0,"3,501",22,4.8,8,--,144.2,Passing
T.J. Yates,UNC,2010,422,282,66.8,"3,418",19,4.5,9,--,145.5,Passing
Ryan Radcliff,CMU,2010,466,282,60.5,"3,358",17,3.6,17,--,125.8,Passing
Andrew Luck,STAN,2010,372,263,70.7,"3,338",32,8.6,8,--,170.2,Passing
Alex Carder,WMU,2010,458,289,63.1,"3,334",30,6.6,12,--,140.6,Passing
Nathan Enderle,IDHO,2010,478,271,56.7,"3,314",22,4.6,16,--,123.4,Passing
Ben Chappell,IND,2010,483,302,62.5,"3,295",24,5.0,9,--,132.5,Passing
Nick Foles,ARIZ,2010,426,286,67.1,"3,191",20,4.7,10,--,140.9,Passing
Blaine Gabbert,MIZZ,2010,475,301,63.4,"3,186",16,3.4,9,--,127.0,Passing
Mike Hartline,KY,2010,405,268,66.2,"3,178",23,5.7,9,--,146.4,Passing
Sean Renfree,DUKE,2010,464,285,61.4,"3,131",14,3.0,17,--,120.7,Passing
Austin Davis,USM,2010,442,278,62.9,"3,103",20,4.5,6,--,134.1,Passing
Stephen Garcia,SCAR,2010,349,224,64.2,"3,059",20,5.7,14,--,148.7,Passing
Aaron Murray,UGA,2010,342,209,61.1,"3,049",24,7.0,8,--,154.5,Passing
Colin Kaepernick,NEV,2010,359,233,64.9,"3,022",21,5.8,8,--,150.5,Passing
Ricky Stanzi,IOWA,2010,345,221,64.1,"3,004",25,7.2,6,--,157.6,Passing
Greg McElroy,ALA,2010,313,222,70.9,"2,987",20,6.4,5,--,169.0,Passing
Bryan Ellis,UAB,2010,411,231,56.2,"2,940",25,6.1,12,--,130.5,Passing
Ryan Aplin,ARST,2010,408,250,61.3,"2,934",21,5.1,11,--,133.3,Passing
Zach Collaros,CINN,2010,383,225,58.7,"2,902",26,6.8,14,--,137.5,Passing
Darron Thomas,ORE,2010,361,222,61.5,"2,881",30,8.3,9,--,151.0,Passing
Jordan La Secla,SJSU,2010,391,231,59.1,"2,860",16,4.1,16,--,125.8,Passing
Andy Dalton,TCU,2010,316,209,66.1,"2,857",27,8.5,6,--,166.5,Passing
Cam Newton,AUB,2010,280,185,66.1,"2,854",30,10.7,7,--,182.0,Passing
Kirk Cousins,MSU,2010,338,226,66.9,"2,825",20,5.9,10,--,150.7,Passing
Ryan Colburn,FRES,2010,360,227,63.1,"2,817",23,6.4,9,--,144.9,Passing
Marc Verica,UVA,2010,396,233,58.8,"2,799",14,3.5,14,--,122.8,Passing
Matt Barkley,USC,2010,377,236,62.6,"2,791",26,6.9,12,--,141.2,Passing
Jeff Tuel,WSU,2010,366,219,59.8,"2,780",18,4.9,12,--,133.3,Passing
Terrelle Pryor,OSU,2010,323,210,65.0,"2,772",27,8.4,11,--,157.9,Passing
Geno Smith,WVU,2010,372,241,64.8,"2,763",24,6.5,7,--,144.7,Passing
Trevor Vittatoe,UTEP,2010,407,220,54.1,"2,756",22,5.4,13,--,122.4,Passing
Garrett Gilbert,TEX,2010,441,260,59.0,"2,744",10,2.3,17,--,111.0,Passing
Tyrod Taylor,VT,2010,315,188,59.7,"2,743",24,7.6,5,--,154.8,Passing
Adam Weber,MINN,2010,368,205,55.7,"2,679",20,5.4,9,--,129.9,Passing
Pete Thomas,CSU,2010,391,253,64.7,"2,662",11,2.8,13,--,124.5,Passing
David Piland,HOU,2010,345,201,58.3,"2,641",24,7.0,14,--,137.4,Passing
Wesley Carroll,FIU,2010,367,226,61.6,"2,623",16,4.4,14,--,128.4,Passing
Dan Persa,NW,2010,302,222,73.5,"2,581",15,5.0,4,--,159.0,Passing
Tino Sunseri,PITT,2010,346,223,64.5,"2,572",16,4.6,9,--,136.9,Passing
Denard Robinson,MICH,2010,291,182,62.5,"2,570",18,6.2,11,--,149.6,Passing
Kolton Browning,ULM,2010,378,234,61.9,"2,552",18,4.8,12,--,128.0,Passing
Steven Threet,AZST,2010,336,208,61.9,"2,534",18,5.4,16,--,133.4,Passing
Chandler Harnish,NIU,2010,292,189,64.7,"2,530",21,7.2,5,--,157.8,Passing
Scott Tolzien,WISC,2010,266,194,72.9,"2,459",16,6.0,6,--,165.9,Passing
Jeff Van Camp,FAU,2010,335,192,57.3,"2,459",17,5.1,13,--,128.0,Passing
Danny O'Brien,MD,2010,337,192,57.0,"2,438",22,6.5,8,--,134.5,Passing
Zac Dysert,MIOH,2010,343,222,64.7,"2,406",13,3.8,12,--,129.2,Passing
Ryan Katz,ORST,2010,355,213,60.0,"2,401",18,5.1,11,--,127.3,Passing
Ryan Griffin,TULN,2010,372,223,59.9,"2,371",14,3.8,8,--,121.6,Passing
Brian Anderson,MRSH,2010,384,218,56.8,"2,358",20,5.2,15,--,117.7,Passing
Ryan Nassib,SYR,2010,358,202,56.4,"2,334",19,5.3,8,--,124.2,Passing
Jordan Wynn,UTAH,2010,299,186,62.2,"2,334",17,5.7,10,--,139.9,Passing
Jake Heaps,BYU,2010,383,219,57.2,"2,316",15,3.9,9,--,116.2,Passing
Jake Locker,WASH,2010,332,184,55.4,"2,265",17,5.1,9,--,124.2,Passing
Matt Schilz,BGSU,2010,377,228,60.5,"2,223",8,2.1,14,--,109.6,Passing
Kyle Parker,CLEM,2010,341,196,57.5,"2,213",12,3.5,11,--,117.2,Passing
Spencer Keith,KENT,2010,364,215,59.1,"2,212",8,2.2,11,--,111.3,Passing
Jeff Godfrey,UCF,2010,238,159,66.8,"2,159",13,5.5,8,--,154.3,Passing
Diondre Borel,USU,2010,314,167,53.2,"2,108",8,2.5,13,--,109.7,Passing
Ryan Williams,MEM,2010,290,165,56.9,"2,075",13,4.5,10,--,124.9,Passing
John Brantley,FLA,2010,329,200,60.8,"2,061",9,2.7,10,--,116.4,Passing
Carson Coffman,KSST,2010,263,171,65.0,"2,060",14,5.3,7,--,143.1,Passing
Christian Ponder,FSU,2010,299,184,61.5,"2,044",20,6.7,8,--,135.7,Passing
Jeremiah Masoli,MISS,2010,296,167,56.4,"2,039",14,4.7,13,--,121.1,Passing
Dayne Crist,ND,2010,294,174,59.2,"2,033",15,5.1,7,--,129.3,Passing
Jerrod Johnson,TAMU,2010,279,158,56.6,"1,947",14,5.0,9,--,125.4,Passing
Boo Jackson,OHIO,2010,245,149,60.8,"1,897",18,7.3,17,--,136.2,Passing
Tyler Bray,TENN,2010,224,125,55.8,"1,849",18,8.0,10,--,142.7,Passing
Chris Masson,ULL,2010,280,148,52.9,"1,842",11,3.9,6,--,116.8,Passing
Nathan Scheelhaase,ILL,2010,264,155,58.7,"1,825",17,6.4,8,--,132.0,Passing
Omar Clayton,UNLV,2010,283,158,55.8,"1,818",13,4.6,9,--,118.6,Passing
Jacory Harris,MIA,2010,270,148,54.8,"1,793",14,5.2,15,--,116.6,Passing
Chris Relf,MSST,2010,220,129,58.6,"1,789",13,5.9,6,--,141.0,Passing
Ross Jenkins,LT,2010,274,172,62.8,"1,760",12,4.4,6,--,126.8,Passing
Jerry Davis,BUFF,2010,298,142,47.7,"1,753",16,5.4,16,--,104.0,Passing
Patrick Nicely,AKR,2010,336,166,49.4,"1,753",10,3.0,13,--,95.3,Passing
Austen Arnaud,IAST,2010,290,171,59.0,"1,703",13,4.5,10,--,116.2,Passing
Austyn Carta-Samuels,WYO,2010,252,154,61.1,"1,702",9,3.6,8,--,123.3,Passing
B.J. Daniels,USF,2010,245,143,58.4,"1,685",11,4.5,13,--,120.3,Passing
Nick Fanuzzi,RICE,2010,241,151,62.7,"1,681",11,4.6,9,--,128.8,Passing
Kawaun Jakes,WKU,2010,291,149,51.2,"1,680",10,3.4,6,--,106.9,Passing
Ryan Tannehill,TAMU,2010,234,152,65.0,"1,638",13,5.6,6,--,137.0,Passing
Chas Dodd,RUT,2010,223,123,55.2,"1,637",11,4.9,7,--,126.8,Passing
Adam Froman,LOU,2010,218,132,60.6,"1,633",11,5.0,4,--,136.5,Passing
Alex Gillett,EMU,2010,229,127,55.5,"1,633",13,5.7,13,--,122.7,Passing
Taylor Martinez,NEB,2010,196,116,59.2,"1,631",10,5.1,7,--,138.8,Passing
Dwight Dasher,MTSU,2010,251,145,57.8,"1,550",6,2.4,18,--,103.2,Passing
Case Keenum,HOU,2011,603,428,71.0,"5,631",48,8.0,5,--,174.0,Passing
Brandon Weeden,OKST,2011,564,408,72.3,"4,727",37,6.6,13,--,159.8,Passing
Landry Jones,OKLA,2011,562,355,63.2,"4,463",29,5.2,15,--,141.6,Passing
Geno Smith,WVU,2011,526,346,65.8,"4,385",31,5.9,7,--,152.6,Passing
Nick Foles,ARIZ,2011,560,387,69.1,"4,334",28,5.0,14,--,145.6,Passing
Robert Griffin III,BAY,2011,402,291,72.4,"4,293",37,9.2,6,--,189.5,Passing
Brock Osweiler,AZST,2011,516,326,63.2,"4,036",26,5.0,13,--,140.5,Passing
Seth Doege,TTU,2011,581,398,68.5,"4,004",28,4.8,10,--,138.9,Passing
Alex Carder,WMU,2011,502,330,65.7,"3,873",31,6.2,14,--,145.3,Passing
Tajh Boyd,CLEM,2011,499,298,59.7,"3,828",33,6.6,12,--,141.2,Passing
Kellen Moore,BSU,2011,439,326,74.3,"3,800",43,9.8,9,--,175.2,Passing
Ryan Tannehill,TAMU,2011,531,327,61.6,"3,744",29,5.5,15,--,133.2,Passing
Tyler Wilson,ARK,2011,438,277,63.2,"3,638",24,5.5,6,--,148.4,Passing
Ryan Aplin,ARST,2011,476,304,63.9,"3,588",19,4.0,16,--,133.6,Passing
Derek Carr,FRES,2011,446,279,62.6,"3,544",26,5.8,9,--,144.5,Passing
Matt Barkley,USC,2011,446,308,69.1,"3,528",39,8.7,7,--,161.2,Passing
Andrew Luck,STAN,2011,404,288,71.3,"3,517",37,9.2,10,--,169.7,Passing
Zac Dysert,MIOH,2011,448,295,65.8,"3,513",23,5.1,11,--,143.7,Passing
Austin Davis,USM,2011,475,286,60.2,"3,496",30,6.3,11,--,138.2,Passing
J.J. McDermott,SMU,2011,455,272,59.8,"3,421",17,3.7,16,--,128.2,Passing
Corey Robinson,TROY,2011,508,316,62.2,"3,411",21,4.1,15,--,126.3,Passing
Sean Mannion,ORST,2011,473,305,64.5,"3,328",16,3.4,18,--,127.1,Passing
Kirk Cousins,MSU,2011,419,267,63.7,"3,316",25,6.0,10,--,145.1,Passing
Tyler Tettleton,OHIO,2011,413,265,64.2,"3,306",28,6.8,10,--,148.9,Passing
Ryan Radcliff,CMU,2011,453,257,56.7,"3,286",25,5.5,16,--,128.8,Passing
Dominique Davis,ECU,2011,494,334,67.6,"3,225",25,5.1,19,--,131.5,Passing
Chandler Harnish,NIU,2011,384,237,61.7,"3,216",28,7.3,6,--,153.0,Passing
Russell Wilson,WISC,2011,309,225,72.8,"3,175",33,10.7,4,--,191.8,Passing
Ryan Lindley,SDSU,2011,447,237,53.0,"3,153",23,5.1,8,--,125.7,Passing
Matt Faulkner,SJSU,2011,422,274,64.9,"3,149",13,3.1,13,--,131.6,Passing
Aaron Murray,UGA,2011,403,238,59.1,"3,149",35,8.7,14,--,146.4,Passing
G.J. Kinne,TULS,2011,390,247,63.3,"3,090",28,7.2,12,--,147.4,Passing
Bryn Renner,UNC,2011,350,239,68.3,"3,086",26,7.4,13,--,159.4,Passing
Keith Price,WASH,2011,362,242,66.9,"3,063",33,9.1,11,--,161.9,Passing
Mike Glennon,NCST,2011,453,283,62.5,"3,054",31,6.8,12,--,136.4,Passing
Matt Schilz,BGSU,2011,411,245,59.6,"3,024",28,6.8,13,--,137.6,Passing
James Vandenberg,IOWA,2011,404,237,58.7,"3,022",25,6.2,7,--,138.5,Passing
Tanner Price,WF,2011,422,253,60.0,"3,017",20,4.7,6,--,132.8,Passing
Logan Thomas,VT,2011,391,234,59.8,"3,013",19,4.9,10,--,135.5,Passing
Zach Maynard,CAL,2011,405,231,57.0,"2,990",17,4.2,12,--,127.0,Passing
Blaine Gautier,ULL,2011,344,216,62.8,"2,958",23,6.7,6,--,153.6,Passing
Casey Pachall,TCU,2011,343,228,66.5,"2,921",25,7.3,7,--,158.0,Passing
Sean Renfree,DUKE,2011,434,282,65.0,"2,891",14,3.2,11,--,126.5,Passing
Tyler Hansen,COL,2011,412,231,56.1,"2,883",20,4.9,11,--,125.5,Passing
Tommy Rees,ND,2011,411,269,65.5,"2,871",20,4.9,14,--,133.4,Passing
James Franklin,MIZZ,2011,376,238,63.3,"2,865",21,5.6,11,--,139.9,Passing
Keith Wenning,BALL,2011,449,287,63.9,"2,786",19,4.2,11,--,125.1,Passing
Darron Thomas,ORE,2011,339,211,62.2,"2,761",33,9.7,7,--,158.7,Passing
Bryant Moniz,HAW,2011,397,248,62.5,"2,733",22,5.5,5,--,136.1,Passing
Ryan Nassib,SYR,2011,415,259,62.4,"2,685",22,5.3,9,--,129.9,Passing
Michael Rocco,UVA,2011,366,222,60.7,"2,671",13,3.6,12,--,127.1,Passing
E.J. Manuel,FSU,2011,311,203,65.3,"2,666",18,5.8,8,--,151.2,Passing
A.J. McCarron,ALA,2011,328,219,66.8,"2,634",16,4.9,5,--,147.3,Passing
Brett Smith,WYO,2011,415,253,61.0,"2,622",20,4.8,11,--,124.6,Passing
Tino Sunseri,PITT,2011,385,247,64.2,"2,616",10,2.6,11,--,124.1,Passing
B.J. Daniels,USF,2011,365,215,58.9,"2,604",13,3.6,7,--,126.8,Passing
Marshall Lobbestael,WSU,2011,341,208,61.0,"2,584",19,5.6,8,--,138.3,Passing
Ryan Griffin,TULN,2011,408,227,55.6,"2,502",13,3.2,10,--,112.8,Passing
Jacory Harris,MIA,2011,300,195,65.0,"2,486",20,6.7,9,--,150.6,Passing
Kolton Browning,ULM,2011,419,244,58.2,"2,483",13,3.1,8,--,114.4,Passing
Chazz Anderson,BUFF,2011,406,230,56.7,"2,454",11,2.7,9,--,111.9,Passing
Dan Persa,NW,2011,297,218,73.4,"2,376",17,5.7,7,--,154.8,Passing
Wesley Carroll,FIU,2011,332,200,60.2,"2,374",14,4.2,4,--,131.8,Passing
Logan Kilgore,MTSU,2011,365,214,58.6,"2,231",18,4.9,12,--,119.7,Passing
Denard Robinson,MICH,2011,258,142,55.0,"2,173",20,7.8,15,--,139.7,Passing
Matt Christian,NMST,2011,277,145,52.3,"2,158",15,5.4,8,--,129.9,Passing
Teddy Bridgewater,LOU,2011,296,191,64.5,"2,129",14,4.7,12,--,132.4,Passing
Johnny McEntee,CONN,2011,335,172,51.3,"2,110",12,3.6,8,--,111.3,Passing
Nathan Scheelhaase,ILL,2011,291,184,63.2,"2,110",13,4.5,8,--,133.4,Passing
Taylor Martinez,NEB,2011,288,162,56.2,"2,089",13,4.5,8,--,126.5,Passing
Rakeem Cato,MRSH,2011,304,182,59.9,"2,059",15,4.9,11,--,125.8,Passing
John Brantley,FLA,2011,240,144,60.0,"2,044",11,4.6,7,--,140.8,Passing
Jonathan Perry,UAB,2011,300,174,58.0,"2,042",10,3.3,8,--,120.8,Passing
Terrance Owens,TOL,2011,230,166,72.2,"2,022",18,7.8,3,--,169.2,Passing
Tyler Bray,TENN,2011,247,147,59.5,"1,983",17,6.9,6,--,144.8,Passing
Brian Reader,IDHO,2011,354,192,54.2,"1,974",10,2.8,12,--,103.6,Passing
Chase Rettig,BC,2011,317,170,53.6,"1,960",12,3.8,9,--,112.4,Passing
Zach Collaros,CINN,2011,272,166,61.0,"1,934",15,5.5,10,--,131.6,Passing
Collin Klein,KSST,2011,281,161,57.3,"1,918",13,4.6,6,--,125.6,Passing
Caleb TerBush,PUR,2011,277,171,61.7,"1,905",13,4.7,6,--,130.7,Passing
Jeff Godfrey,UCF,2011,232,160,69.0,"1,898",5,2.2,5,--,140.5,Passing
Jordan Webb,KAN,2011,281,179,63.7,"1,884",13,4.6,12,--,126.7,Passing
Kawaun Jakes,WKU,2011,276,153,55.4,"1,854",10,3.6,12,--,115.1,Passing
Kevin Prince,UCLA,2011,224,126,56.2,"1,828",12,5.4,8,--,135.3,Passing
Derek Thompson,UNT,2011,272,157,57.7,"1,759",11,4.0,6,--,121.0,Passing
Nick Lamaison,UTEP,2011,224,130,58.0,"1,718",12,5.4,10,--,131.2,Passing
Riley Nelson,BYU,2011,202,116,57.4,"1,717",19,9.4,7,--,152.9,Passing
Cody Fajardo,NEV,2011,218,150,68.8,"1,707",6,2.8,6,--,138.2,Passing
Taylor Reed,MEM,2011,295,169,57.3,"1,690",10,3.4,4,--,113.9,Passing
Spencer Keith,KENT,2011,325,166,51.1,"1,682",11,3.4,8,--,100.8,Passing
Colby Cameron,LT,2011,215,118,54.9,"1,667",13,6.0,3,--,137.2,Passing
Clayton Moore,AKR,2011,309,147,47.6,"1,655",9,2.9,9,--,96.3,Passing
Tevin Washington,GT,2011,150,74,49.3,"1,652",11,7.3,8,--,155.4,Passing
Danny O'Brien,MD,2011,266,150,56.4,"1,648",7,2.6,10,--,109.6,Passing
Tim Jefferson,AF,2011,183,111,60.7,"1,637",14,7.7,7,--,153.4,Passing
Pete Thomas,CSU,2011,261,161,61.7,"1,607",7,2.7,8,--,116.1,Passing
Chas Dodd,RUT,2011,245,139,56.7,"1,574",10,4.1,7,--,118.5,Passing
Matt McGloin,PSU,2011,231,125,54.1,"1,571",8,3.5,5,--,118.3,Passing
Tyler Lantrip,NEV,2011,179,110,61.5,"1,553",10,5.6,6,--,146.1,Passing
Gary Nova,RUT,2011,227,116,51.1,"1,553",11,4.8,9,--,116.6,Passing
Nick Florence,BAY,2012,464,286,61.6,"4,309",33,7.1,13,--,157.5,Passing
Landry Jones,OKLA,2012,555,367,66.1,"4,267",30,5.4,11,--,144.6,Passing
Seth Doege,TTU,2012,541,380,70.2,"4,205",39,7.2,16,--,153.4,Passing
Geno Smith,WVU,2012,518,369,71.2,"4,205",42,8.1,6,--,163.9,Passing
Rakeem Cato,MRSH,2012,584,406,69.5,"4,201",37,6.3,11,--,147.1,Passing
David Fales,SJSU,2012,451,327,72.5,"4,193",33,7.3,9,--,170.8,Passing
Colby Cameron,LT,2012,522,359,68.8,"4,147",31,5.9,5,--,153.2,Passing
Derek Carr,FRES,2012,511,344,67.3,"4,104",37,7.2,7,--,155.9,Passing
Mike Glennon,NCST,2012,564,330,58.5,"4,031",31,5.5,17,--,130.7,Passing
Tajh Boyd,CLEM,2012,427,287,67.2,"3,896",36,8.4,13,--,165.6,Passing
Aaron Murray,UGA,2012,386,249,64.5,"3,893",36,9.3,10,--,174.8,Passing
Ryan Nassib,SYR,2012,471,294,62.4,"3,749",26,5.5,10,--,143.3,Passing
Brett Hundley,UCLA,2012,478,318,66.5,"3,740",29,6.1,11,--,147.7,Passing
Teddy Bridgewater,LOU,2012,419,287,68.5,"3,718",27,6.4,8,--,160.5,Passing
Johnny Manziel,TAMU,2012,434,295,68.0,"3,706",26,6.0,9,--,155.3,Passing
Matt Scott,ARIZ,2012,499,301,60.3,"3,620",27,5.4,14,--,133.5,Passing
Tyler Bray,TENN,2012,451,268,59.4,"3,612",34,7.5,12,--,146.3,Passing
Zac Dysert,MIOH,2012,480,302,62.9,"3,483",25,5.2,12,--,136.1,Passing
E.J. Manuel,FSU,2012,387,263,68.0,"3,397",23,5.9,10,--,156.1,Passing
Dalton Williams,AKR,2012,522,326,62.5,"3,387",25,4.8,16,--,126.6,Passing
Tyler Wilson,ARK,2012,401,249,62.1,"3,387",21,5.2,13,--,143.8,Passing
Chuckie Keeton,USU,2012,407,275,67.6,"3,373",27,6.6,9,--,154.7,Passing
Bryn Renner,UNC,2012,422,276,65.4,"3,356",28,6.6,7,--,150.8,Passing
Stephen Morris,MIA,2012,421,245,58.2,"3,345",21,5.0,7,--,138.1,Passing
Ryan Aplin,ARST,2012,406,276,68.0,"3,342",24,5.9,4,--,154.7,Passing
Tino Sunseri,PITT,2012,393,256,65.1,"3,288",21,5.3,3,--,151.5,Passing
Matt Barkley,USC,2012,387,246,63.6,"3,273",36,9.3,15,--,157.6,Passing
Matt McGloin,PSU,2012,446,270,60.5,"3,271",24,5.4,5,--,137.7,Passing
Ryan Radcliff,CMU,2012,407,242,59.5,"3,163",23,5.7,9,--,139.0,Passing
Jordan Lynch,NIU,2012,394,237,60.2,"3,138",25,6.3,6,--,144.9,Passing
Corey Robinson,TROY,2012,389,257,66.1,"3,121",12,3.1,9,--,139.0,Passing
Shane Carden,ECU,2012,413,273,66.1,"3,116",23,5.6,10,--,143.0,Passing
Sean Renfree,DUKE,2012,441,297,67.3,"3,113",19,4.3,10,--,136.3,Passing
Keith Wenning,BALL,2012,460,301,65.4,"3,095",24,5.2,10,--,134.8,Passing
Chase Rettig,BC,2012,467,253,54.2,"3,060",17,3.6,13,--,115.7,Passing
Blake Bortles,UCF,2012,399,251,62.9,"3,059",25,6.3,7,--,144.5,Passing
Kolton Browning,ULM,2012,428,273,63.8,"3,049",29,6.8,10,--,141.3,Passing
Taylor Kelly,AZST,2012,359,241,67.1,"3,039",29,8.1,9,--,159.9,Passing
Bo Wallace,MISS,2012,368,235,63.9,"2,994",22,6.0,17,--,142.7,Passing
Logan Thomas,VT,2012,429,220,51.3,"2,976",18,4.2,16,--,115.9,Passing
A.J. McCarron,ALA,2012,314,211,67.2,"2,933",30,9.6,3,--,175.3,Passing
Garrett Gilbert,SMU,2012,506,268,53.0,"2,932",15,3.0,15,--,105.5,Passing
David Piland,HOU,2012,448,256,57.1,"2,929",16,3.6,12,--,118.5,Passing
Tyler Russell,MSST,2012,394,231,58.6,"2,897",24,6.1,10,--,135.4,Passing
Taylor Martinez,NEB,2012,368,228,62.0,"2,871",23,6.2,12,--,141.6,Passing
Terrance Broadway,ULL,2012,315,206,65.4,"2,847",17,5.4,9,--,153.4,Passing
Tyler Tettleton,OHIO,2012,367,228,62.1,"2,844",18,4.9,4,--,141.2,Passing
Brett Smith,WYO,2012,330,205,62.1,"2,837",27,8.2,6,--,157.7,Passing
Graham Wilbert,FAU,2012,405,261,64.4,"2,814",18,4.4,6,--,134.5,Passing
Cody Fajardo,NEV,2012,367,246,67.0,"2,786",20,5.4,9,--,143.9,Passing
Ryan Griffin,TULN,2012,394,245,62.2,"2,771",20,5.1,11,--,132.4,Passing
Andrew Manley,NMST,2012,384,207,53.9,"2,764",18,4.7,11,--,124.1,Passing
Cameron Coffman,IND,2012,407,247,60.7,"2,734",15,3.7,11,--,123.9,Passing
Joe Southwick,BSU,2012,371,248,66.8,"2,730",19,5.1,7,--,141.8,Passing
Keith Price,WASH,2012,432,263,60.9,"2,728",19,4.4,13,--,122.4,Passing
Terrance Owens,TOL,2012,350,215,61.4,"2,707",14,4.0,8,--,135.0,Passing
David Ash,TEX,2012,318,214,67.3,"2,699",19,6.0,8,--,153.3,Passing
Gary Nova,RUT,2012,388,221,57.0,"2,695",22,5.7,16,--,125.8,Passing
Marcus Mariota,ORE,2012,336,230,68.5,"2,677",32,9.5,6,--,163.2,Passing
Austin Brown,UAB,2012,355,205,57.7,"2,673",15,4.2,12,--,128.2,Passing
Chandler Whitmer,CONN,2012,361,208,57.6,"2,664",9,2.5,16,--,119.0,Passing
Collin Klein,KSST,2012,304,197,64.8,"2,641",16,5.3,9,--,149.2,Passing
Derek Thompson,UNT,2012,372,214,57.5,"2,629",14,3.8,14,--,121.8,Passing
Zach Mettenberger,LSU,2012,352,207,58.8,"2,609",12,3.4,7,--,128.3,Passing
Andrew Maxwell,MSU,2012,446,234,52.5,"2,606",13,2.9,9,--,107.1,Passing
Cody Green,TULS,2012,419,228,54.4,"2,592",17,4.1,11,--,114.5,Passing
Matt Schilz,BGSU,2012,413,228,55.2,"2,585",14,3.4,12,--,113.2,Passing
Logan Kilgore,MTSU,2012,335,212,63.3,"2,571",16,4.8,6,--,139.9,Passing
Nick Sherry,UNLV,2012,426,226,53.1,"2,544",16,3.8,17,--,107.6,Passing
Jordan Rodgers,VAN,2012,319,191,59.9,"2,539",15,4.7,5,--,139.1,Passing
Kawaun Jakes,WKU,2012,312,200,64.1,"2,488",22,7.1,11,--,147.3,Passing
Sean Mannion,ORST,2012,309,200,64.7,"2,446",15,4.9,13,--,138.8,Passing
Everett Golson,ND,2012,318,187,58.8,"2,405",12,3.8,6,--,131.0,Passing
Tanner Price,WF,2012,410,228,55.6,"2,300",12,2.9,7,--,109.0,Passing
James Vandenberg,IOWA,2012,389,223,57.3,"2,249",7,1.8,8,--,107.7,Passing
Zach Maynard,CAL,2012,296,180,60.8,"2,214",12,4.1,10,--,130.3,Passing
Taylor McHargue,RICE,2012,325,194,59.7,"2,209",12,3.7,5,--,125.9,Passing
Ross Metheny,USA,2012,345,189,54.8,"2,148",12,3.5,12,--,111.6,Passing
Shaun Rutherford,TXST,2012,299,193,64.5,"2,137",15,5.0,5,--,137.8,Passing
Jake Medlock,FIU,2012,263,152,57.8,"2,127",13,4.9,2,--,140.5,Passing
Jeff Tuel,WSU,2012,332,211,63.6,"2,087",8,2.4,8,--,119.5,Passing
Eric Soza,UTSA,2012,282,166,58.9,"2,085",20,7.1,3,--,142.2,Passing
B.J. Daniels,USF,2012,290,165,56.9,"2,075",14,4.8,10,--,126.0,Passing
Trevone Boykin,TCU,2012,292,167,57.2,"2,054",15,5.1,10,--,126.4,Passing
Braxton Miller,OSU,2012,254,148,58.3,"2,039",15,5.9,6,--,140.5,Passing
Spencer Keith,KENT,2012,333,183,55.0,"2,021",12,3.6,10,--,111.8,Passing
Riley Nelson,BYU,2012,308,181,58.8,"2,011",13,4.2,13,--,119.1,Passing
Connor Shaw,SCAR,2012,228,154,67.5,"1,956",17,7.5,7,--,158.1,Passing
Michael Rocco,UVA,2012,266,161,60.5,"1,917",13,4.9,10,--,129.7,Passing
Jacob Karam,MEM,2012,274,176,64.2,"1,895",14,5.1,3,--,137.0,Passing
Connor Halliday,WSU,2012,291,152,52.2,"1,878",15,5.2,13,--,114.5,Passing
Sean Schroeder,HAW,2012,344,175,50.9,"1,878",11,3.2,12,--,100.3,Passing
Tyler Van Tubbergen,WMU,2012,261,159,60.9,"1,825",15,5.7,11,--,130.2,Passing
Mike Wegzyn,MASS,2012,346,182,52.6,"1,825",6,1.7,10,--,96.8,Passing
Robert Marve,PUR,2012,253,166,65.6,"1,734",15,5.9,5,--,138.8,Passing
Munchie Legaux,CINN,2012,230,120,52.2,"1,716",13,5.7,9,--,125.7,Passing
Nick Lamaison,UTEP,2012,252,126,50.0,"1,686",12,4.8,9,--,114.8,Passing
Alex Carder,WMU,2012,248,145,58.5,"1,652",13,5.2,10,--,123.7,Passing
Jeff Driskel,FLA,2012,245,156,63.7,"1,646",12,4.9,5,--,132.2,Passing
Josh Nunes,STAN,2012,235,124,52.8,"1,643",10,4.3,7,--,119.6,Passing
