Player,Team,Year,Att,Gain,Loss,Yds,Avg,TD,Stat Type
Andre Williams,BC,2013,355,"2,233",56,"2,177",6.13,18,Rushing
Jordan Lynch,NIU,2013,292,"2,025",105,"1,920",6.58,23,Rushing
Ka'Deem Carey,ARIZ,2013,349,"1,931",46,"1,885",5.4,19,Rushing
Bishop Sankey,WASH,2013,327,"1,931",61,"1,870",5.72,20,Rushing
Tre Mason,AUB,2013,317,"1,835",19,"1,816",5.73,23,Rushing
Kapri Bibbs,CSU,2013,281,"1,786",45,"1,741",6.2,31,Rushing
Antonio Andrews,WKU,2013,267,"1,764",34,"1,730",6.48,16,Rushing
Tyler Gaffney,STAN,2013,330,"1,750",41,"1,709",5.18,21,Rushing
Ameer Abdullah,NEB,2013,281,"1,722",32,"1,690",6.01,9,Rushing
Melvin Gordon,WISC,2013,206,"1,650",41,"1,609",7.81,12,Rushing
Travis Greene,BGSU,2013,279,"1,667",73,"1,594",5.71,11,Rushing
Branden Oliver,BUFF,2013,310,"1,604",69,"1,535",4.95,15,Rushing
Carlos Hyde,OSU,2013,208,"1,527",6,"1,521",7.31,15,Rushing
James White,WISC,2013,221,"1,484",40,"1,444",6.53,13,Rushing
Jay Ajayi,BSU,2013,249,"1,463",38,"1,425",5.72,18,Rushing
Jeremy Langford,MSU,2013,292,"1,482",60,"1,422",4.87,18,Rushing
Jeremy Hill,LSU,2013,203,"1,423",22,"1,401",6.9,16,Rushing
Keenan Reynolds,NAVY,2013,300,"1,524",178,"1,346",4.49,31,Rushing
Taysom Hill,BYU,2013,246,"1,595",251,"1,344",5.46,10,Rushing
Trey Watts,TULS,2013,268,"1,381",52,"1,329",4.96,11,Rushing
Tim Cornett,UNLV,2013,264,"1,324",40,"1,284",4.86,15,Rushing
Charles Ross,RICE,2013,211,"1,320",40,"1,280",6.07,15,Rushing
Adam Muema,SDSU,2013,256,"1,304",60,"1,244",4.86,15,Rushing
T.J. Yeldon,ALA,2013,207,"1,279",44,"1,235",5.97,14,Rushing
Jamaal Williams,BYU,2013,217,"1,260",27,"1,233",5.68,7,Rushing
Joey DeMartino,USU,2013,221,"1,270",49,"1,221",5.52,13,Rushing
David Cobb,MINN,2013,237,"1,240",38,"1,202",5.07,7,Rushing
Vintavious Cooper,ECU,2013,230,"1,244",51,"1,193",5.19,13,Rushing
Mike Davis,SCAR,2013,203,"1,214",31,"1,183",5.83,11,Rushing
Lache Seastrunk,BAY,2013,158,"1,223",46,"1,177",7.45,11,Rushing
Henry Josey,MIZZ,2013,174,"1,207",41,"1,166",6.7,16,Rushing
Essray Taliaferro,MRSH,2013,221,"1,163",23,"1,140",5.16,10,Rushing
Storm Johnson,UCF,2013,213,"1,188",49,"1,139",5.35,14,Rushing
Rajion Neal,TENN,2013,215,"1,163",39,"1,124",5.23,12,Rushing
Kasey Carrier,UNM,2013,189,"1,146",24,"1,122",5.94,9,Rushing
David Fluellen,TOL,2013,167,"1,134",13,"1,121",6.71,10,Rushing
Cameron Stingily,NIU,2013,203,"1,147",28,"1,119",5.51,9,Rushing
Terry Baggett,ARMY,2013,141,"1,141",28,"1,113",7.89,8,Rushing
Jahwan Edwards,BALL,2013,212,"1,129",19,"1,110",5.24,14,Rushing
James Sims,KAN,2013,230,"1,155",45,"1,110",4.83,7,Rushing
Bronson Hill,EMU,2013,196,"1,134",33,"1,101",5.62,5,Rushing
Charles Sims,WVU,2013,208,"1,143",48,"1,095",5.26,11,Rushing
Brandin Byrd,UNT,2013,202,"1,120",45,"1,075",5.32,11,Rushing
Nick Marshall,AUB,2013,172,"1,225",157,"1,068",6.21,12,Rushing
Braxton Miller,OSU,2013,171,"1,283",215,"1,068",6.25,12,Rushing
John Hubert,KSST,2013,198,"1,111",63,"1,048",5.29,10,Rushing
Byron Marshall,ORE,2013,168,"1,067",29,"1,038",6.18,14,Rushing
Kevin Parks,UVA,2013,227,"1,065",34,"1,031",4.54,11,Rushing
Alex Collins,ARK,2013,190,"1,066",40,"1,026",5.4,4,Rushing
Roderick McDowell,CLEM,2013,189,"1,073",48,"1,025",5.42,5,Rushing
Devonta Freeman,FSU,2013,173,"1,045",29,"1,016",5.87,14,Rushing
Marion Grice,AZST,2013,191,"1,028",32,996,5.21,14,Rushing
Todd Gurley,UGA,2013,165,"1,007",18,989,5.99,10,Rushing
Zach Zwinak,PSU,2013,210,"1,004",15,989,4.71,12,Rushing
Shaun Wick,WYO,2013,166,995,16,979,5.9,9,Rushing
Mark Weisman,IOWA,2013,227,"1,016",41,975,4.3,8,Rushing
Tevin Coleman,IND,2013,131,998,40,958,7.31,12,Rushing
Brennan Clay,OKLA,2013,175,"1,006",49,957,5.47,6,Rushing
B.J. Denker,ARIZ,2013,181,"1,074",125,949,5.24,13,Rushing
Robert Lowe,TXST,2013,164,970,25,945,5.76,9,Rushing
Alonzo Harris,ULL,2013,199,960,18,942,4.73,14,Rushing
Darrin Reaves,UAB,2013,201,980,52,928,4.62,12,Rushing
Duke Johnson,MIA,2013,145,948,28,920,6.34,6,Rushing
Kenneth Dixon,LT,2013,151,981,64,917,6.07,4,Rushing
Jerome Smith,SYR,2013,200,953,39,914,4.57,12,Rushing
Beau Blankenship,OHIO,2013,204,934,24,910,4.46,5,Rushing
Malcolm Brown,TEX,2013,214,936,32,904,4.22,9,Rushing
Jonathan Williams,ARK,2013,150,919,19,900,6.0,4,Rushing
Anthony LaCoste,AF,2013,135,906,16,890,6.59,6,Rushing
David Sims,GT,2013,161,885,1,884,5.49,11,Rushing
Jordan Howard,UAB,2013,145,905,24,881,6.08,2,Rushing
Paul James,RUT,2013,156,914,33,881,5.65,9,Rushing
Shock Linwood,BAY,2013,128,894,13,881,6.88,8,Rushing
Jawon Chisholm,AKR,2013,189,938,69,869,4.6,8,Rushing
Kareem Hunt,TOL,2013,137,886,20,866,6.32,6,Rushing
Orleans Darkwa,TULN,2013,188,909,46,863,4.59,12,Rushing
Elijah McGuire,ULL,2013,103,871,8,863,8.38,8,Rushing
Brandon Hayes,MEM,2013,201,907,47,860,4.28,5,Rushing
Dak Prescott,MSST,2013,134,917,88,829,6.19,13,Rushing
Dominique Brown,LOU,2013,163,867,42,825,5.06,8,Rushing
Kendall Brock,NEV,2013,185,842,30,812,4.39,10,Rushing
Aaron Jones,UTEP,2013,155,849,38,811,5.23,4,Rushing
Desmond Roland,OKST,2013,176,847,36,811,4.61,13,Rushing
Saylor Lavallii,CMU,2013,182,845,38,807,4.43,5,Rushing
Joshua Quezada,FRES,2013,155,833,26,807,5.21,6,Rushing
Daniel Sams,KSST,2013,152,853,46,807,5.31,11,Rushing
Bill Belton,PSU,2013,157,828,25,803,5.11,5,Rushing
James Conner,PITT,2013,146,826,27,799,5.47,8,Rushing
Isaac Bennett,PITT,2013,171,841,44,797,4.66,7,Rushing
Jarrod Lawson,SJSU,2013,164,809,21,788,4.8,4,Rushing
Javorius Allen,USC,2013,135,835,50,785,5.81,14,Rushing
Johnathan Gray,TEX,2013,159,803,23,780,4.91,4,Rushing
Josh Ferguson,ILL,2013,141,811,32,779,5.52,7,Rushing
Cole Gautsche,UNM,2013,118,811,34,777,6.58,8,Rushing
Brandon Ross,MD,2013,166,865,89,776,4.67,4,Rushing
Jaquez Johnson,FAU,2013,172,910,138,772,4.49,10,Rushing
Shadrach Thornton,NCST,2013,165,801,33,768,4.65,4,Rushing
Trayion Durham,KENT,2013,182,795,29,766,4.21,6,Rushing
Steward Butler,MRSH,2013,87,777,12,765,8.79,8,Rushing
Marcus Shaw,USF,2013,156,816,51,765,4.9,3,Rushing
Melvin Gordon,WISC,2014,343,"2,670",83,"2,587",7.54,29,Rushing
Tevin Coleman,IND,2014,270,"2,062",26,"2,036",7.54,15,Rushing
Donnel Pumphrey,SDSU,2014,277,"1,904",31,"1,873",6.76,20,Rushing
Jay Ajayi,BSU,2014,347,"1,900",77,"1,823",5.25,28,Rushing
Devon Johnson,MRSH,2014,206,"1,790",23,"1,767",8.58,17,Rushing
James Conner,PITT,2014,297,"1,799",35,"1,764",5.94,26,Rushing
Samaje Perine,OKLA,2014,263,"1,745",32,"1,713",6.51,21,Rushing
Duke Johnson,MIA,2014,242,"1,691",39,"1,652",6.83,10,Rushing
Ezekiel Elliott,OSU,2014,237,"1,679",47,"1,632",6.89,14,Rushing
Kareem Hunt,TOL,2014,205,"1,650",19,"1,631",7.96,16,Rushing
David Cobb,MINN,2014,315,"1,678",49,"1,629",5.17,13,Rushing
Cameron Artis-Payne,AUB,2014,303,"1,656",43,"1,613",5.32,13,Rushing
Ameer Abdullah,NEB,2014,264,"1,657",46,"1,611",6.1,19,Rushing
Jordan Howard,UAB,2014,306,"1,643",56,"1,587",5.19,13,Rushing
Paul Perkins,UCLA,2014,251,"1,618",43,"1,575",6.27,9,Rushing
Jarvion Franklin,WMU,2014,306,"1,595",44,"1,551",5.07,24,Rushing
Nick Chubb,UGA,2014,219,"1,594",47,"1,547",7.06,14,Rushing
Leon Allen,WKU,2014,273,"1,580",44,"1,536",5.63,13,Rushing
Jeremy Langford,MSU,2014,276,"1,565",43,"1,522",5.51,22,Rushing
Devontae Booker,UTAH,2014,292,"1,566",54,"1,512",5.18,10,Rushing
Matt Breida,GSU,2014,171,"1,504",10,"1,494",8.74,17,Rushing
Javorius Allen,USC,2014,276,"1,534",45,"1,489",5.39,11,Rushing
Marcus Cox,APST,2014,255,"1,450",35,"1,415",5.55,19,Rushing
Anthone Taylor,BUFF,2014,282,"1,472",69,"1,403",4.98,12,Rushing
Nick Wilson,ARIZ,2014,236,"1,393",18,"1,375",5.83,16,Rushing
Marteze Waller,FRES,2014,225,"1,407",39,"1,368",6.08,11,Rushing
Royce Freeman,ORE,2014,242,"1,367",24,"1,343",5.55,18,Rushing
Aaron Jones,UTEP,2014,242,"1,374",50,"1,324",5.47,11,Rushing
Kenneth Dixon,LT,2014,253,"1,383",84,"1,299",5.13,22,Rushing
Dee Hart,CSU,2014,194,"1,312",37,"1,275",6.57,16,Rushing
Elijah McGuire,ULL,2014,166,"1,285",21,"1,264",7.61,14,Rushing
Jahwan Edwards,BALL,2014,262,"1,290",38,"1,252",4.78,12,Rushing
Shock Linwood,BAY,2014,251,"1,284",41,"1,243",4.95,16,Rushing
Josh Robinson,MSST,2014,190,"1,238",35,"1,203",6.33,11,Rushing
Keenan Reynolds,NAVY,2014,250,"1,390",199,"1,191",4.76,23,Rushing
Jonathan Williams,ARK,2014,211,"1,222",32,"1,190",5.64,12,Rushing
Justin Jackson,NW,2014,245,"1,216",29,"1,187",4.84,10,Rushing
Tyler Murphy,BC,2014,180,"1,398",219,"1,179",6.55,11,Rushing
Larry Dixon,ARMY,2014,191,"1,131",13,"1,118",5.85,9,Rushing
Daniel Lasco,CAL,2014,210,"1,151",36,"1,115",5.31,12,Rushing
Kevin Ellison,GSU,2014,171,"1,199",91,"1,108",6.48,12,Rushing
Thomas Rawls,CMU,2014,210,"1,135",30,"1,105",5.26,10,Rushing
DeAndre Washington,TTU,2014,188,"1,136",33,"1,103",5.87,2,Rushing
Larry Rose III,NMST,2014,186,"1,160",58,"1,102",5.92,9,Rushing
Alex Collins,ARK,2014,204,"1,165",65,"1,100",5.39,12,Rushing
Michael Gordon,ARST,2014,159,"1,138",38,"1,100",6.92,13,Rushing
Robert Lowe,TXST,2014,185,"1,118",27,"1,091",5.9,12,Rushing
Justin Thomas,GT,2014,190,"1,248",162,"1,086",5.72,8,Rushing
Russell Hansbrough,MIZZ,2014,205,"1,144",60,"1,084",5.29,10,Rushing
Jhurell Pressley,UNM,2014,114,"1,121",38,"1,083",9.5,12,Rushing
D.J. Foster,AZST,2014,194,"1,122",41,"1,081",5.57,9,Rushing
Jacobi Owens,AF,2014,204,"1,082",28,"1,054",5.17,5,Rushing
Cody Fajardo,NEV,2014,177,"1,221",175,"1,046",5.91,13,Rushing
Marlon Mack,USF,2014,202,"1,095",54,"1,041",5.15,9,Rushing
Kenneth Farrow,HOU,2014,186,"1,081",44,"1,037",5.58,14,Rushing
Leonard Fournette,LSU,2014,187,"1,049",15,"1,034",5.53,10,Rushing
Dalvin Cook,FSU,2014,170,"1,052",44,"1,008",5.93,8,Rushing
Derrick Henry,ALA,2014,172,"1,025",35,990,5.76,11,Rushing
Dak Prescott,MSST,2014,210,"1,125",139,986,4.7,14,Rushing
Mike Davis,SCAR,2014,199,"1,016",34,982,4.93,9,Rushing
T.J. Yeldon,ALA,2014,194,"1,012",33,979,5.05,11,Rushing
Cameron Stingily,NIU,2014,193,987,16,971,5.03,14,Rushing
Don Jackson,NEV,2014,216,"1,003",46,957,4.43,7,Rushing
Jowan Davis,RICE,2014,245,"1,022",66,956,3.9,6,Rushing
Noah Copeland,NAVY,2014,129,956,4,952,7.38,5,Rushing
Brandon Hayes,MEM,2014,195,999,48,951,4.88,5,Rushing
Corey Clement,WISC,2014,147,969,20,949,6.46,9,Rushing
Travis Greene,BGSU,2014,180,985,36,949,5.27,12,Rushing
Akeem Hunt,PUR,2014,173,"1,010",61,949,5.49,6,Rushing
Ray Lawry,ODU,2014,135,968,21,947,7.01,16,Rushing
J.T. Barrett,OSU,2014,171,"1,117",179,938,5.49,11,Rushing
Synjyn Days,GT,2014,157,926,2,924,5.89,9,Rushing
Marcus Murphy,MIZZ,2014,177,973,49,924,5.22,4,Rushing
Aaron Green,TCU,2014,129,942,20,922,7.15,9,Rushing
Todd Gurley,UGA,2014,123,932,21,911,7.41,9,Rushing
Shadrach Thornton,NCST,2014,164,935,28,907,5.53,9,Rushing
Ralph Webb,VAN,2014,212,950,43,907,4.28,4,Rushing
Drew Hare,NIU,2014,159,"1,025",125,900,5.66,8,Rushing
Jalen Hurd,TENN,2014,190,938,39,899,4.73,5,Rushing
Tyler Ervin,SJSU,2014,159,949,58,891,5.6,4,Rushing
Tarean Folston,ND,2014,175,911,22,889,5.08,6,Rushing
Breon Allen,ECU,2014,134,907,38,869,6.49,8,Rushing
Jon Hilliman,BC,2014,211,909,49,860,4.08,13,Rushing
Zach Laskey,GT,2014,171,853,2,851,4.98,9,Rushing
Matt Jones,FLA,2014,166,834,17,817,4.92,6,Rushing
Angel Santiago,ARMY,2014,191,938,126,812,4.25,10,Rushing
Mark Weisman,IOWA,2014,213,838,26,812,3.81,16,Rushing
Teriyon Gipson,UNM,2014,150,835,26,809,5.39,8,Rushing
Alonzo Harris,ULL,2014,172,829,22,807,4.69,12,Rushing
Brian Hill,WYO,2014,146,823,21,802,5.49,7,Rushing
Zack Langer,TULS,2014,196,816,15,801,4.09,4,Rushing
Steward Butler,MRSH,2014,107,804,6,798,7.46,7,Rushing
Nick Marshall,AUB,2014,153,925,127,798,5.22,11,Rushing
Fredi Knighten,ARST,2014,210,"1,090",300,790,3.76,11,Rushing
Rushel Shell,WVU,2014,176,823,35,788,4.48,7,Rushing
A.J. Ouellette,OHIO,2014,160,804,19,785,4.91,7,Rushing
Marquise Williams,UNC,2014,193,"1,051",268,783,4.06,13,Rushing
Desmond Roland,OKST,2014,203,804,34,770,3.79,10,Rushing
Reggie Whatley,MTSU,2014,113,799,32,767,6.79,7,Rushing
Storm Woods,ORST,2014,121,780,14,766,6.33,5,Rushing
Derrick Henry,ALA,2015,395,"2,282",63,"2,219",5.62,28,Rushing
Christian McCaffrey,STAN,2015,337,"2,065",46,"2,019",5.99,8,Rushing
Leonard Fournette,LSU,2015,300,"2,045",92,"1,953",6.51,22,Rushing
Royce Freeman,ORE,2015,283,"1,889",51,"1,838",6.49,17,Rushing
Ezekiel Elliott,OSU,2015,289,"1,874",53,"1,821",6.3,23,Rushing
Dalvin Cook,FSU,2015,229,"1,749",58,"1,691",7.38,19,Rushing
Larry Rose III,NMST,2015,239,"1,719",62,"1,657",6.93,14,Rushing
Donnel Pumphrey,SDSU,2015,310,"1,741",85,"1,656",5.34,17,Rushing
Brian Hill,WYO,2015,281,"1,681",50,"1,631",5.8,6,Rushing
Matt Breida,GSU,2015,203,"1,653",50,"1,603",7.9,17,Rushing
Tyler Ervin,SJSU,2015,294,"1,661",60,"1,601",5.45,13,Rushing
Alex Collins,ARK,2015,271,"1,643",66,"1,577",5.82,20,Rushing
Wendell Smallwood,WVU,2015,238,"1,549",30,"1,519",6.38,9,Rushing
Wayne Gallman,CLEM,2015,282,"1,552",38,"1,514",5.37,13,Rushing
DeAndre Washington,TTU,2015,232,"1,516",21,"1,495",6.44,14,Rushing
Elijah Hood,UNC,2015,218,"1,488",25,"1,463",6.71,17,Rushing
Marcus Cox,APST,2015,243,"1,481",53,"1,428",5.88,9,Rushing
Justin Jackson,NW,2015,312,"1,468",50,"1,418",4.54,5,Rushing
Marlon Mack,USF,2015,210,"1,418",37,"1,381",6.58,8,Rushing
Keenan Reynolds,NAVY,2015,265,"1,537",164,"1,373",5.18,24,Rushing
Samaje Perine,OKLA,2015,226,"1,375",26,"1,349",5.97,16,Rushing
James Butler,NEV,2015,208,"1,379",34,"1,345",6.47,10,Rushing
Paul Perkins,UCLA,2015,237,"1,394",51,"1,343",5.67,14,Rushing
Mike Warren,IAST,2015,227,"1,366",27,"1,339",5.9,5,Rushing
Jeremy McNichols,BSU,2015,240,"1,427",90,"1,337",5.57,20,Rushing
Shock Linwood,BAY,2015,196,"1,362",33,"1,329",6.78,10,Rushing
Myles Gaskin,WASH,2015,227,"1,348",46,"1,302",5.74,14,Rushing
Travis Greene,BGSU,2015,222,"1,323",25,"1,298",5.85,15,Rushing
Jalen Hurd,TENN,2015,277,"1,353",68,"1,285",4.64,12,Rushing
Joel Bouagnon,NIU,2015,283,"1,323",39,"1,284",4.54,18,Rushing
Aaron Green,TCU,2015,245,"1,321",48,"1,273",5.2,11,Rushing
Jahad Thomas,TEM,2015,276,"1,385",123,"1,262",4.57,17,Rushing
Devontae Booker,UTAH,2015,268,"1,297",36,"1,261",4.71,11,Rushing
Jordan Howard,IND,2015,196,"1,229",16,"1,213",6.19,9,Rushing
Tra Carson,TAMU,2015,242,"1,209",44,"1,165",4.81,7,Rushing
Sony Michel,UGA,2015,219,"1,201",40,"1,161",5.3,8,Rushing
Elijhaa Penny,IDHO,2015,245,"1,173",14,"1,159",4.73,10,Rushing
Ralph Webb,VAN,2015,277,"1,204",52,"1,152",4.16,5,Rushing
Paul Harris,HAW,2015,198,"1,176",33,"1,143",5.77,6,Rushing
Ray Lawry,ODU,2015,194,"1,165",29,"1,136",5.86,11,Rushing
Ito Smith,USM,2015,171,"1,156",28,"1,128",6.6,10,Rushing
Qadree Ollison,PITT,2015,212,"1,158",37,"1,121",5.29,11,Rushing
Greg Ward Jr.,HOU,2015,197,"1,301",187,"1,114",5.65,21,Rushing
Demario Richard,AZST,2015,210,"1,143",39,"1,104",5.26,7,Rushing
Deshaun Watson,CLEM,2015,206,"1,215",114,"1,101",5.34,12,Rushing
Jalen Richard,USM,2015,185,"1,113",15,"1,098",5.94,14,Rushing
Jacobi Owens,AF,2015,206,"1,123",27,"1,096",5.32,7,Rushing
Darius Jackson,EMU,2015,208,"1,131",43,"1,088",5.23,14,Rushing
Anthony Wales,WKU,2015,154,"1,093",7,"1,086",7.05,9,Rushing
Don Jackson,NEV,2015,228,"1,122",43,"1,079",4.73,8,Rushing
Saquon Barkley,PSU,2015,182,"1,145",69,"1,076",5.91,7,Rushing
Kenneth Dixon,LT,2015,198,"1,144",71,"1,073",5.42,19,Rushing
Michael Gordon,ARST,2015,168,"1,098",28,"1,070",6.37,9,Rushing
Jamauri Bogan,WMU,2015,162,"1,080",29,"1,051",6.49,16,Rushing
Elijah McGuire,ULL,2015,209,"1,083",36,"1,047",5.01,13,Rushing
Travon McMillian,VT,2015,200,"1,099",56,"1,043",5.21,7,Rushing
Jarveon Williams,UTSA,2015,173,"1,088",49,"1,039",6.01,8,Rushing
C.J. Prosise,ND,2015,157,"1,100",71,"1,029",6.55,11,Rushing
Kelvin Taylor,FLA,2015,258,"1,104",76,"1,028",3.98,13,Rushing
Chris Swain,NAVY,2015,211,"1,038",15,"1,023",4.85,10,Rushing
Peyton Barber,AUB,2015,237,"1,040",24,"1,016",4.29,13,Rushing
Devine Redding,IND,2015,226,"1,075",63,"1,012",4.48,9,Rushing
Brandon Burks,TROY,2015,201,"1,092",87,"1,005",5.0,7,Rushing
Chase Price,SDSU,2015,189,"1,027",22,"1,005",5.32,6,Rushing
Joseph Yearby,MIA,2015,205,"1,042",40,"1,002",4.89,6,Rushing
Johnny Jefferson,BAY,2015,136,"1,009",9,"1,000",7.35,8,Rushing
Quinton Flowers,USF,2015,191,"1,107",116,991,5.19,12,Rushing
Ronald Jones II,USC,2015,153,"1,005",18,987,6.45,8,Rushing
Jordan Canzeri,IOWA,2015,183,"1,029",45,984,5.38,12,Rushing
Kareem Hunt,TOL,2015,178,"1,004",26,978,5.49,12,Rushing
Marquis Young,MASS,2015,154,"1,017",44,973,6.32,7,Rushing
Kalif Phillips,CHAR,2015,190,"1,028",61,967,5.09,5,Rushing
Devante Mays,USU,2015,165,"1,010",44,966,5.85,9,Rushing
Brandon Ross,MD,2015,150,"1,012",49,963,6.42,10,Rushing
Lamar Jackson,LOU,2015,163,"1,188",228,960,5.89,11,Rushing
Kenneth Farrow,HOU,2015,185,975,17,958,5.18,12,Rushing
Xavier Johnson,USA,2015,145,983,27,956,6.59,7,Rushing
Marquise Williams,UNC,2015,158,"1,083",135,948,6.0,13,Rushing
Terry Swanson,TOL,2015,143,932,9,923,6.45,7,Rushing
Conor Hundley,AKR,2015,203,979,58,921,4.54,10,Rushing
Jhurell Pressley,UNM,2015,147,967,46,921,6.27,11,Rushing
Marteze Waller,FRES,2015,228,"1,010",90,920,4.04,5,Rushing
Robert Lowe,TXST,2015,175,960,45,915,5.23,7,Rushing
Justin Davis,USC,2015,169,946,44,902,5.34,7,Rushing
Markell Jones,PUR,2015,168,882,7,875,5.21,10,Rushing
Dalyn Dawkins,CSU,2015,170,910,43,867,5.1,2,Rushing
Matt Dayes,NCST,2015,134,883,18,865,6.46,12,Rushing
Stanley Williams,KY,2015,121,924,69,855,7.07,6,Rushing
Teriyon Gipson,UNM,2015,147,861,11,850,5.78,6,Rushing
Jeffery Wilson,UNT,2015,154,864,25,839,5.45,1,Rushing
Josh Adams,ND,2015,116,869,31,838,7.22,6,Rushing
D'Angelo Brewer,TULS,2015,162,854,17,837,5.17,6,Rushing
Anthone Taylor,BUFF,2015,186,848,14,834,4.48,3,Rushing
Fred Coppet,BGSU,2015,146,846,20,826,5.66,5,Rushing
Dare Ogunbowale,WISC,2015,194,870,51,819,4.22,7,Rushing
Alfred Ramsby,GSU,2015,165,843,27,816,4.95,13,Rushing
Jordan Johnson,BUFF,2015,172,856,45,811,4.72,12,Rushing
Thomas Sirk,DUKE,2015,163,883,74,809,4.96,8,Rushing
Lamar Jordan,UNM,2015,147,940,133,807,5.49,9,Rushing
Jared Baker,ARIZ,2015,131,813,15,798,6.09,9,Rushing
Donnel Pumphrey,SDSU,2016,349,"2,194",61,"2,133",6.11,17,Rushing
D'Onta Foreman,TEX,2016,323,"2,049",21,"2,028",6.28,15,Rushing
Brian Hill,WYO,2016,349,"1,894",34,"1,860",5.33,22,Rushing
Aaron Jones,UTEP,2016,229,"1,827",54,"1,773",7.74,17,Rushing
Dalvin Cook,FSU,2016,288,"1,845",80,"1,765",6.13,19,Rushing
Jeremy McNichols,BSU,2016,314,"1,787",78,"1,709",5.44,23,Rushing
James Flanders,TULS,2016,258,"1,661",32,"1,629",6.31,18,Rushing
Anthony Wales,WKU,2016,237,"1,663",42,"1,621",6.84,27,Rushing
I'Tavius Mathers,MTSU,2016,235,"1,633",36,"1,597",6.8,17,Rushing
Christian McCaffrey,STAN,2016,252,"1,632",36,"1,596",6.33,13,Rushing
Lamar Jackson,LOU,2016,260,"1,952",381,"1,571",6.04,21,Rushing
Quinton Flowers,USF,2016,198,"1,637",107,"1,530",7.73,18,Rushing
Justin Jackson,NW,2016,297,"1,603",82,"1,521",5.12,15,Rushing
Saquon Barkley,PSU,2016,272,"1,634",138,"1,496",5.5,18,Rushing
Kareem Hunt,TOL,2016,262,"1,512",37,"1,475",5.63,10,Rushing
Ito Smith,USM,2016,265,"1,506",47,"1,459",5.51,17,Rushing
D'Angelo Brewer,TULS,2016,264,"1,461",26,"1,435",5.44,7,Rushing
Joseph Williams,UTAH,2016,210,"1,438",31,"1,407",6.7,10,Rushing
Jalin Moore,APST,2016,237,"1,450",48,"1,402",5.92,10,Rushing
Derrius Guice,LSU,2016,183,"1,428",41,"1,387",7.58,15,Rushing
Nick Fitzgerald,MSST,2016,195,"1,505",120,"1,385",7.1,16,Rushing
Corey Clement,WISC,2016,314,"1,421",46,"1,375",4.38,15,Rushing
Jamaal Williams,BYU,2016,234,"1,408",33,"1,375",5.88,12,Rushing
Myles Gaskin,WASH,2016,237,"1,407",34,"1,373",5.79,10,Rushing
Rawleigh Williams III,ARK,2016,245,"1,403",43,"1,360",5.55,12,Rushing
Jarvion Franklin,WMU,2016,248,"1,373",20,"1,353",5.46,12,Rushing
James Butler,NEV,2016,260,"1,379",43,"1,336",5.14,12,Rushing
James Gilbert,BALL,2016,251,"1,369",37,"1,332",5.31,12,Rushing
Jordan Chunn,TROY,2016,279,"1,339",51,"1,288",4.62,16,Rushing
Ralph Webb,VAN,2016,250,"1,323",40,"1,283",5.13,13,Rushing
Joe Mixon,OKLA,2016,188,"1,335",61,"1,274",6.78,10,Rushing
Teriyon Gipson,UNM,2016,145,"1,283",14,"1,269",8.75,13,Rushing
Ray Lawry,ODU,2016,200,"1,285",30,"1,255",6.28,11,Rushing
Phillip Lindsay,COL,2016,244,"1,283",31,"1,252",5.13,16,Rushing
Kamryn Pettway,AUB,2016,209,"1,240",16,"1,224",5.86,7,Rushing
Will Worth,NAVY,2016,265,"1,321",125,"1,196",4.51,25,Rushing
Marlon Mack,USF,2016,174,"1,242",55,"1,187",6.82,15,Rushing
Justin Crawford,WVU,2016,163,"1,203",19,"1,184",7.26,4,Rushing
Stanley Williams,KY,2016,171,"1,195",25,"1,170",6.84,7,Rushing
Matt Dayes,NCST,2016,249,"1,210",44,"1,166",4.68,10,Rushing
Rodney Smith,MINN,2016,240,"1,219",61,"1,158",4.83,16,Rushing
Justice Hill,OKST,2016,205,"1,187",42,"1,145",5.59,6,Rushing
Wayne Gallman,CLEM,2016,232,"1,171",38,"1,133",4.88,17,Rushing
Nick Chubb,UGA,2016,224,"1,180",50,"1,130",5.04,8,Rushing
Elijah McGuire,LA,2016,232,"1,168",41,"1,127",4.86,7,Rushing
Devine Redding,IND,2016,253,"1,195",73,"1,122",4.43,7,Rushing
Mark Walton,MIA,2016,209,"1,179",62,"1,117",5.34,14,Rushing
Tyrone Owens,UNM,2016,137,"1,109",12,"1,097",8.01,7,Rushing
Mike Weber,OSU,2016,182,"1,119",23,"1,096",6.02,9,Rushing
James Conner,PITT,2016,216,"1,152",60,"1,092",5.06,16,Rushing
Benjamin Snell Jr.,KY,2016,186,"1,113",22,"1,091",5.87,13,Rushing
Ronald Jones II,USC,2016,177,"1,124",42,"1,082",6.11,12,Rushing
Akrum Wadley,IOWA,2016,167,"1,090",15,"1,075",6.44,10,Rushing
Jarred Craft,LT,2016,191,"1,107",33,"1,074",5.62,9,Rushing
LeShun Daniels Jr.,IOWA,2016,214,"1,105",41,"1,064",4.97,10,Rushing
Damarea Crockett,MIZZ,2016,153,"1,076",14,"1,062",6.94,10,Rushing
Samaje Perine,OKLA,2016,196,"1,079",19,"1,060",5.41,12,Rushing
Trayveon Williams,TAMU,2016,156,"1,083",26,"1,057",6.78,8,Rushing
Terence Williams,BAY,2016,185,"1,053",5,"1,048",5.66,11,Rushing
Kyle Hicks,TCU,2016,203,"1,086",44,"1,042",5.13,12,Rushing
Jordan Johnson,BUFF,2016,200,"1,093",53,"1,040",5.2,6,Rushing
Damien Harris,ALA,2016,146,"1,065",28,"1,037",7.1,2,Rushing
Braeden West,SMU,2016,202,"1,085",49,"1,036",5.13,6,Rushing
Fred Coppet,BGSU,2016,204,"1,062",32,"1,030",5.05,8,Rushing
Rashaad Penny,SDSU,2016,136,"1,057",39,"1,018",7.49,11,Rushing
Devin Singletary,FAU,2016,151,"1,035",19,"1,016",6.73,12,Rushing
Jesse Ertz,KSST,2016,183,"1,184",172,"1,012",5.53,12,Rushing
Diocemy Saint Juste,HAW,2016,165,"1,031",25,"1,006",6.1,3,Rushing
Ty Johnson,MD,2016,110,"1,031",27,"1,004",9.13,6,Rushing
Marcus Cox,APST,2016,157,"1,022",25,997,6.35,9,Rushing
LJ Scott,MSU,2016,184,"1,035",41,994,5.4,6,Rushing
Andy Davidson,ARMY,2016,190,964,3,961,5.06,12,Rushing
Jalen Hurts,ALA,2016,191,"1,161",207,954,4.99,13,Rushing
Jahad Thomas,TEM,2016,207,"1,021",68,953,4.6,13,Rushing
Ryan Nall,ORST,2016,147,969,18,951,6.47,13,Rushing
Royce Freeman,ORE,2016,168,"1,003",58,945,5.62,9,Rushing
Brandon Dawkins,ARIZ,2016,131,"1,029",85,944,7.21,10,Rushing
Taquan Mizzell,UVA,2016,187,994,54,940,5.03,5,Rushing
Jeffery Wilson,UNT,2016,169,971,35,936,5.54,14,Rushing
Josh Adams,ND,2016,158,955,22,933,5.91,5,Rushing
Alex Gardner,FIU,2016,181,960,30,930,5.14,6,Rushing
Jamauri Bogan,WMU,2016,179,941,18,923,5.16,8,Rushing
Nick Holley,KENT,2016,195,"1,089",169,920,4.72,10,Rushing
Ryquell Armstead,TEM,2016,156,951,32,919,5.89,14,Rushing
Dalyn Dawkins,CSU,2016,161,952,33,919,5.71,4,Rushing
Kalif Phillips,CHAR,2016,189,949,42,907,4.8,4,Rushing
Brandon Radcliff,LOU,2016,138,940,37,903,6.54,6,Rushing
Jarveon Williams,UTSA,2016,207,963,63,900,4.35,8,Rushing
Kerryon Johnson,AUB,2016,182,919,24,895,4.92,11,Rushing
Jordan Scarlett,FLA,2016,179,907,18,889,4.97,6,Rushing
Marquis Young,MASS,2016,198,951,63,888,4.48,4,Rushing
Joel Bouagnon,NIU,2016,182,917,32,885,4.86,8,Rushing
Terrell Newby,NEB,2016,190,910,31,879,4.63,7,Rushing
Warren Wand,ARST,2016,200,950,71,879,4.39,7,Rushing
James Summers,ECU,2016,162,915,46,869,5.36,7,Rushing
Larry Rose III,NMST,2016,159,935,70,865,5.44,4,Rushing
Elijah Hood,UNC,2016,145,908,50,858,5.92,8,Rushing
Jacobi Owens,AF,2016,141,892,35,857,6.08,5,Rushing
Lavon Coleman,WASH,2016,114,873,21,852,7.47,7,Rushing
Jerod Evans,VT,2016,204,"1,066",220,846,4.15,12,Rushing
Rashaad Penny,SDSU,2017,289,"2,295",47,"2,248",7.78,23,Rushing
Bryce Love,STAN,2017,263,"2,208",90,"2,118",8.05,19,Rushing
Jonathan Taylor,WISC,2017,299,"2,016",39,"1,977",6.61,13,Rushing
Devin Singletary,FAU,2017,301,"1,989",69,"1,920",6.38,32,Rushing
Ahmad Bradshaw,ARMY,2017,242,"1,783",37,"1,746",7.21,14,Rushing
Lamar Jackson,LOU,2017,232,"1,799",198,"1,601",6.9,18,Rushing
AJ Dillon,BC,2017,300,"1,622",33,"1,589",5.3,14,Rushing
Ronald Jones II,USC,2017,261,"1,584",34,"1,550",5.94,19,Rushing
D'Angelo Brewer,TULS,2017,288,"1,560",43,"1,517",5.27,9,Rushing
Diocemy Saint Juste,HAW,2017,282,"1,552",42,"1,510",5.35,7,Rushing
Royce Freeman,ORE,2017,244,"1,503",28,"1,475",6.05,16,Rushing
Phillip Lindsay,COL,2017,301,"1,507",33,"1,474",4.9,14,Rushing
Justice Hill,OKST,2017,268,"1,537",70,"1,467",5.47,15,Rushing
Josh Adams,ND,2017,206,"1,483",53,"1,430",6.94,9,Rushing
Zach Abey,NAVY,2017,293,"1,524",111,"1,413",4.82,19,Rushing
Ito Smith,USM,2017,248,"1,481",68,"1,413",5.7,13,Rushing
Khalil Tate,ARIZ,2017,153,"1,530",119,"1,411",9.22,12,Rushing
J.K. Dobbins,OSU,2017,194,"1,412",9,"1,403",7.23,7,Rushing
Dalyn Dawkins,CSU,2017,226,"1,438",39,"1,399",6.19,8,Rushing
Terry Swanson,TOL,2017,242,"1,413",18,"1,395",5.76,14,Rushing
Kerryon Johnson,AUB,2017,285,"1,455",64,"1,391",4.88,18,Rushing
Myles Gaskin,WASH,2017,222,"1,428",48,"1,380",6.22,21,Rushing
Nick Chubb,UGA,2017,223,"1,388",43,"1,345",6.03,15,Rushing
Lexington Thomas,UNLV,2017,211,"1,360",24,"1,336",6.33,17,Rushing
Benjamin Snell Jr.,KY,2017,262,"1,371",38,"1,333",5.09,19,Rushing
Spencer Brown,UAB,2017,249,"1,340",14,"1,326",5.33,10,Rushing
Justin Jackson,NW,2017,287,"1,367",56,"1,311",4.57,11,Rushing
Saquon Barkley,PSU,2017,217,"1,393",122,"1,271",5.86,18,Rushing
Derrius Guice,LSU,2017,237,"1,283",34,"1,249",5.27,11,Rushing
Jarvion Franklin,WMU,2017,235,"1,276",48,"1,228",5.23,11,Rushing
Sony Michel,UGA,2017,156,"1,240",13,"1,227",7.87,16,Rushing
Jeffery Wilson,UNT,2017,188,"1,261",46,"1,215",6.46,16,Rushing
Malcolm Perry,NAVY,2017,138,"1,201",19,"1,182",8.57,11,Rushing
Zack Moss,UTAH,2017,214,"1,217",44,"1,173",5.48,10,Rushing
Rodney Anderson,OKLA,2017,188,"1,186",25,"1,161",6.18,13,Rushing
Darrell Henderson,MEM,2017,130,"1,196",42,"1,154",8.88,9,Rushing
TaQuon Marshall,GT,2017,247,"1,322",176,"1,146",4.64,17,Rushing
David Montgomery,IAST,2017,258,"1,198",52,"1,146",4.44,11,Rushing
Patrick Laird,CAL,2017,191,"1,170",43,"1,127",5.9,8,Rushing
Nyheim Hines,NCST,2017,197,"1,142",30,"1,112",5.64,12,Rushing
Akrum Wadley,IOWA,2017,252,"1,175",66,"1,109",4.4,10,Rushing
Aeris Williams,MSST,2017,236,"1,135",28,"1,107",4.69,6,Rushing
Dontrell Hilliard,TULN,2017,211,"1,119",28,"1,091",5.17,12,Rushing
Alexander Mattison,BSU,2017,212,"1,115",29,"1,086",5.12,12,Rushing
Quinton Flowers,USF,2017,196,"1,242",164,"1,078",5.5,11,Rushing
Xavier Jones,SMU,2017,182,"1,113",38,"1,075",5.91,9,Rushing
Justin Crawford,WVU,2017,191,"1,082",22,"1,060",5.55,7,Rushing
KirVonte Benson,GT,2017,204,"1,073",20,"1,053",5.16,6,Rushing
Ish Witter,MIZZ,2017,188,"1,068",19,"1,049",5.58,6,Rushing
Boston Scott,LT,2017,183,"1,097",50,"1,047",5.72,8,Rushing
Jalin Moore,APST,2017,183,"1,076",39,"1,037",5.67,12,Rushing
Demario Richard,AZST,2017,198,"1,047",20,"1,027",5.19,12,Rushing
Cam Akers,FSU,2017,194,"1,094",69,"1,025",5.28,7,Rushing
Aaron Duckworth,IDHO,2017,193,"1,057",34,"1,023",5.3,4,Rushing
Jonathan Ward,CMU,2017,178,"1,052",33,"1,019",5.72,10,Rushing
A.J. Ouellette,OHIO,2017,193,"1,034",23,"1,011",5.24,7,Rushing
Jordan Wilkins,MISS,2017,155,"1,039",28,"1,011",6.52,9,Rushing
Caleb Huntley,BALL,2017,210,"1,022",19,"1,003",4.78,3,Rushing
Damien Harris,ALA,2017,135,"1,008",8,"1,000",7.41,11,Rushing
Karan Higdon,MICH,2017,164,"1,006",12,994,6.06,11,Rushing
Nick Fitzgerald,MSST,2017,162,"1,041",57,984,6.07,14,Rushing
Marquis Young,MASS,2017,182,"1,027",45,982,5.4,9,Rushing
Rodney Smith,MINN,2017,229,"1,020",43,977,4.27,3,Rushing
Travis Homer,MIA,2017,163,998,32,966,5.93,8,Rushing
Darius Tice,USF,2017,178,986,43,943,5.3,11,Rushing
Larry Rose III,NMST,2017,186,982,48,934,5.02,10,Rushing
Nathan Rourke,OHIO,2017,137,"1,062",155,907,6.62,21,Rushing
LJ Scott,MSU,2017,200,924,29,895,4.47,8,Rushing
Ty Johnson,MD,2017,137,922,47,875,6.39,5,Rushing
Patrick Taylor Jr.,MEM,2017,157,909,43,866,5.52,13,Rushing
Jalen Hurts,ALA,2017,154,999,144,855,5.55,8,Rushing
Kelton Moore,NEV,2017,164,890,35,855,5.21,4,Rushing
J.J. Taylor,ARIZ,2017,146,862,15,847,5.8,5,Rushing
Emmanuel Reed,BUFF,2017,199,860,20,840,4.22,9,Rushing
Jordan Ellis,UVA,2017,215,886,50,836,3.89,6,Rushing
Ralph Webb,VAN,2017,192,857,26,831,4.33,10,Rushing
LaJuan Hunt,USU,2017,169,853,25,828,4.9,11,Rushing
Arion Worthman,AF,2017,217,"1,025",204,821,3.78,13,Rushing
Tyler King,MRSH,2017,158,866,46,820,5.19,7,Rushing
Darrel Williams,LSU,2017,145,842,22,820,5.66,9,Rushing
Alex Barnes,KSST,2017,146,871,52,819,5.61,7,Rushing
Shaun Wilson,DUKE,2017,162,855,37,818,5.05,6,Rushing
Trey Ragas,LA,2017,142,853,40,813,5.73,9,Rushing
Keion Davis,MRSH,2017,179,856,44,812,4.54,6,Rushing
Darnell Woolfolk,ARMY,2017,157,814,2,812,5.17,14,Rushing
Wesley Fields,GSU,2017,173,861,50,811,4.69,5,Rushing
Ryan Nall,ORST,2017,165,836,26,810,4.91,8,Rushing
J.T. Barrett,OSU,2017,166,934,125,809,4.87,12,Rushing
Ian Eriksen,EMU,2017,178,829,21,808,4.54,8,Rushing
Brandon Wimbush,ND,2017,141,940,137,803,5.7,14,Rushing
Trayveon Williams,TAMU,2017,173,825,27,798,4.61,8,Rushing
Justin Stockton,TTU,2017,132,817,20,797,6.04,4,Rushing
D'Ernest Johnson,USF,2017,193,836,40,796,4.12,7,Rushing
Josh Cleveland,BGSU,2017,147,832,39,793,5.39,4,Rushing
Alex Gardner,FIU,2017,181,813,22,791,4.37,6,Rushing
Adrian Killins,UCF,2017,122,815,25,790,6.48,10,Rushing
John Kelly,TENN,2017,189,831,53,778,4.12,9,Rushing
Armani Rogers,UNLV,2017,145,968,190,778,5.37,8,Rushing
Kenny Young,MIOH,2017,143,790,18,772,5.4,6,Rushing
Jordan Chunn,TROY,2017,153,808,38,770,5.03,10,Rushing
Alex Barnes,KSST,2018,256,"1,402",47,"1,355",5.29,12,Rushing
David Montgomery,IAST,2018,257,"1,254",38,"1,216",4.73,13,Rushing
Pooka Williams Jr.,KAN,2018,161,"1,178",64,"1,114",6.92,7,Rushing
Kennedy Brooks,OKLA,2018,119,"1,069",13,"1,056",8.87,12,Rushing
Kyler Murray,OKLA,2018,140,"1,137",136,"1,001",7.15,12,Rushing
Trey Sermon,OKLA,2018,164,972,25,947,5.77,13,Rushing
Justice Hill,OKST,2018,158,971,41,930,5.89,9,Rushing
Kennedy McKoy,WVU,2018,145,834,32,802,5.53,8,Rushing
Tre Watson,TEX,2018,185,803,17,786,4.25,3,Rushing
Chuba Hubbard,OKST,2018,124,766,26,740,5.97,7,Rushing
Keaontay Ingram,TEX,2018,142,731,23,708,4.99,3,Rushing
Sewo Olonilua,TCU,2018,135,652,17,635,4.7,2,Rushing
Martell Pettaway,WVU,2018,98,644,21,623,6.36,6,Rushing
Darius Anderson,TCU,2018,124,644,46,598,4.82,3,Rushing
John Lovett,BAY,2018,109,595,22,573,5.26,6,Rushing
Khalil Herbert,KAN,2018,113,530,31,499,4.42,5,Rushing
Sam Ehlinger,TEX,2018,164,691,209,482,2.94,16,Rushing
Leddie Brown,WVU,2018,91,458,12,446,4.9,4,Rushing
JaMycal Hasty,BAY,2018,82,470,36,434,5.29,4,Rushing
Trestan Ebner,BAY,2018,69,427,14,413,5.99,1,Rushing
Taylor Cornelius,OKST,2018,122,648,242,406,3.33,10,Rushing
Charlie Brewer,BAY,2018,133,600,225,375,2.82,7,Rushing
Skylar Thompson,KSST,2018,105,548,175,373,3.55,5,Rushing
Jett Duffey,TTU,2018,79,447,78,369,4.67,4,Rushing
Ta'Zhawn Henry,TTU,2018,86,372,31,341,3.97,8,Rushing
Da'Leon Ward,TTU,2018,79,351,10,341,4.32,3,Rushing
Brock Purdy,IAST,2018,100,451,143,308,3.08,5,Rushing
Demarcus Felton,TTU,2018,62,313,18,295,4.76,6,Rushing
Alex Delton,KSST,2018,85,338,104,234,2.75,2,Rushing
Dom Williams,KAN,2018,55,232,1,231,4.2,0,Rushing
Shawn Robinson,TCU,2018,49,301,71,230,4.69,3,Rushing
Emari Demercado,TCU,2018,57,230,6,224,3.93,0,Rushing
Jalen Hurd,BAY,2018,48,218,9,209,4.35,3,Rushing
T.J. Pledger,OKLA,2018,30,181,2,179,5.97,0,Rushing
Jalen Reagor,TCU,2018,13,181,11,170,13.08,2,Rushing
La'Darren Brown,OKST,2018,27,175,12,163,6.04,1,Rushing
Tre King,TTU,2018,40,180,20,160,4.0,1,Rushing
Kene Nwangwu,IAST,2018,39,168,11,157,4.03,0,Rushing
J.D. King,OKST,2018,43,168,15,153,3.56,0,Rushing
Daniel Young,TEX,2018,42,161,8,153,3.64,0,Rushing
Marcelias Sutton,OKLA,2018,29,159,7,152,5.24,2,Rushing
Dalvin Warmack,KSST,2018,36,156,12,144,4.0,0,Rushing
Rodney Anderson,OKLA,2018,11,125,6,119,10.82,3,Rushing
Michael Collins,TCU,2018,38,152,41,111,2.92,3,Rushing
SaRodorick Thompson,TTU,2018,25,108,3,105,4.2,3,Rushing
Tevin Bush,WVU,2018,6,108,5,103,17.17,0,Rushing
Jalan McClendon,BAY,2018,34,153,51,102,3.0,2,Rushing
Deron Thompson,KAN,2018,7,102,0,102,14.57,1,Rushing
Keondre Wudtee,OKST,2018,12,89,8,81,6.75,0,Rushing
Johnnie Lang,IAST,2018,22,81,2,79,3.59,1,Rushing
Justin Silmon,KSST,2018,20,85,9,76,3.8,1,Rushing
Grayson Muehlstein,TCU,2018,35,114,43,71,2.03,0,Rushing
Alec Sinkfield,WVU,2018,19,76,8,68,3.58,1,Rushing
Sheldon Croney Jr.,IAST,2018,23,62,6,56,2.43,1,Rushing
Miles Kendrick,KAN,2018,16,70,23,47,2.94,1,Rushing
Carter Stanley,KAN,2018,21,88,50,38,1.81,0,Rushing
Ryan Haymaker,OKST,2018,15,38,1,37,2.47,0,Rushing
Craig Williams,BAY,2018,2,35,0,35,17.5,1,Rushing
KaVontae Turpin,TCU,2018,4,32,0,32,8.0,0,Rushing
Chris Platt,BAY,2018,2,31,0,31,15.5,0,Rushing
Steven Sims Jr.,KAN,2018,2,29,0,29,14.5,0,Rushing
KeSean Carter,TTU,2018,3,28,0,28,9.33,0,Rushing
Derius Davis,TCU,2018,5,33,5,28,5.6,0,Rushing
Lil'Jordan Humphrey,TEX,2018,6,25,0,25,4.17,1,Rushing
Kenedy Snell,TCU,2018,7,23,0,23,3.29,0,Rushing
Jeremiah Hall,OKLA,2018,4,21,0,21,5.25,0,Rushing
Austin Kendall,OKLA,2018,7,33,12,21,3.0,0,Rushing
Isaiah Zuber,KSST,2018,1,17,0,17,17.0,0,Rushing
Josh Fleeks,BAY,2018,9,32,16,16,1.78,1,Rushing
David Sills V,WVU,2018,0,14,0,14,0.0,0,Rushing
Reese Randall,KAN,2018,2,11,0,11,5.5,0,Rushing
Mason Reed,TTU,2018,5,13,2,11,2.2,0,Rushing
Abram Smith,BAY,2018,4,11,0,11,2.75,0,Rushing
Devin Duvernay,TEX,2018,1,10,0,10,10.0,0,Rushing
Ryan Malbrough,KAN,2018,3,10,0,10,3.33,0,Rushing
Colt Garrett,TTU,2018,2,9,0,9,4.5,0,Rushing
Shane Buechele,TEX,2018,10,35,27,8,0.8,0,Rushing
D'Shawn Jamison,TEX,2018,4,14,6,8,2.0,0,Rushing
Ryan Schadler,KAN,2018,1,8,0,8,8.0,0,Rushing
Jacques Guillot,TCU,2018,3,7,0,7,2.33,0,Rushing
Seth Collins,TTU,2018,2,10,4,6,3.0,0,Rushing
Tylan Wallace,OKST,2018,1,6,0,6,6.0,1,Rushing
Landon Wolf,OKST,2018,1,6,0,6,6.0,0,Rushing
Gerry Bohanon,BAY,2018,2,5,0,5,2.5,0,Rushing
Jalen McCleskey,OKST,2018,1,5,0,5,5.0,1,Rushing
Marcus Simms,WVU,2018,1,5,0,5,5.0,0,Rushing
De'Quan Bowman,TTU,2018,1,4,0,4,4.0,0,Rushing
Jarrison Stewart,TCU,2018,1,4,0,4,4.0,0,Rushing
Trey Lowe III,WVU,2018,2,9,6,3,1.5,0,Rushing
Tarique Milton,IAST,2018,1,3,0,3,3.0,0,Rushing
Trevon Wesco,WVU,2018,1,3,0,3,3.0,0,Rushing
Lorenzo Dorr,WVU,2018,2,2,0,2,1.0,0,Rushing
Garret McGuire,BAY,2018,1,2,0,2,2.0,0,Rushing
Adam Nunez,TCU,2018,0,2,0,2,0.0,0,Rushing
Kyle Porter,TEX,2018,1,2,0,2,2.0,1,Rushing
Karson Ringdahl,TCU,2018,1,2,0,2,2.0,0,Rushing
Tyquan Thornton,BAY,2018,2,3,1,2,1.0,0,Rushing
Kerr Johnson,KAN,2018,1,1,0,1,1.0,0,Rushing
Tyron Johnson,OKST,2018,1,1,0,1,1.0,1,Rushing
Marquise Brown,OKLA,2018,2,0,0,0,0.0,0,Rushing
Toby Gerhart,STAN,2009,343,"1,913",42,"1,871",5.45,28,Rushing
Ryan Mathews,FRES,2009,276,"1,850",42,"1,808",6.55,19,Rushing
Dion Lewis,PITT,2009,325,"1,862",63,"1,799",5.54,17,Rushing
Mark Ingram,ALA,2009,271,"1,678",20,"1,658",6.12,17,Rushing
Ryan Williams,VT,2009,293,"1,720",65,"1,655",5.65,21,Rushing
Donald Buckram,UTEP,2009,259,"1,638",44,"1,594",6.15,18,Rushing
LaMichael James,ORE,2009,230,"1,608",62,"1,546",6.72,14,Rushing
John Clay,WISC,2009,287,"1,548",31,"1,517",5.29,18,Rushing
Noel Devine,WVU,2009,241,"1,549",84,"1,465",6.08,13,Rushing
Montel Harris,BC,2009,308,"1,554",97,"1,457",4.73,14,Rushing
Jacquizz Rodgers,ORST,2009,273,"1,502",62,"1,440",5.27,21,Rushing
Joe Webb,UAB,2009,227,"1,619",192,"1,427",6.29,11,Rushing
Jonathan Dwyer,GT,2009,235,"1,438",43,"1,395",5.94,14,Rushing
Alfred Morris,FAU,2009,263,"1,429",37,"1,392",5.29,11,Rushing
Anthony Dixon,MSST,2009,257,"1,445",54,"1,391",5.41,12,Rushing
Lance Dunbar,UNT,2009,200,"1,433",55,"1,378",6.89,17,Rushing
Ben Tate,AUB,2009,263,"1,406",44,"1,362",5.18,10,Rushing
Bernard Pierce,TEM,2009,236,"1,407",46,"1,361",5.77,16,Rushing
Montario Hardesty,TENN,2009,282,"1,413",68,"1,345",4.77,13,Rushing
Vai Taua,NEV,2009,172,"1,359",14,"1,345",7.82,10,Rushing
Robert Turbin,USU,2009,207,"1,337",41,"1,296",6.26,13,Rushing
Daniel Thomas,KSST,2009,247,"1,290",25,"1,265",5.12,11,Rushing
Curtis Steele,MEM,2009,198,"1,286",47,"1,239",6.26,15,Rushing
Keith Toston,OKST,2009,227,"1,230",12,"1,218",5.37,11,Rushing
C.J. Spiller,CLEM,2009,216,"1,271",59,"1,212",5.61,12,Rushing
Alexander Robinson,IAST,2009,232,"1,232",37,"1,195",5.15,6,Rushing
Ricky Dobbs,NAVY,2009,315,"1,367",175,"1,192",3.78,27,Rushing
Shawnbrey McNeal,SMU,2009,236,"1,268",80,"1,188",5.03,12,Rushing
Jordan Todman,CONN,2009,235,"1,237",49,"1,188",5.06,14,Rushing
Colin Kaepernick,NEV,2009,161,"1,351",168,"1,183",7.35,16,Rushing
Dominique Lindsay,ECU,2009,239,"1,205",25,"1,180",4.94,6,Rushing
Dexter McCluster,MISS,2009,181,"1,202",33,"1,169",6.46,8,Rushing
Evan Royster,PSU,2009,205,"1,195",26,"1,169",5.7,6,Rushing
Brandon West,WMU,2009,214,"1,197",33,"1,164",5.44,10,Rushing
Dwight Dasher,MTSU,2009,224,"1,391",237,"1,154",5.15,13,Rushing
Jeremy Avery,BSU,2009,209,"1,207",57,"1,150",5.5,6,Rushing
Roy Helu,NEB,2009,220,"1,193",46,"1,147",5.21,10,Rushing
Daniel Porter,LT,2009,211,"1,199",67,"1,132",5.36,11,Rushing
Darius Marshall,MRSH,2009,227,"1,177",46,"1,131",4.98,11,Rushing
Frank Goodin,ULM,2009,219,"1,184",58,"1,126",5.14,13,Rushing
Chris Polk,WASH,2009,226,"1,189",76,"1,113",4.92,5,Rushing
Brynn Harvey,UCF,2009,261,"1,174",65,"1,109",4.25,14,Rushing
Andre Dixon,CONN,2009,239,"1,115",22,"1,093",4.57,14,Rushing
Harvey Unga,BYU,2009,208,"1,112",25,"1,087",5.23,11,Rushing
Eddie Wide,UTAH,2009,203,"1,101",32,"1,069",5.27,12,Rushing
Chad Spann,NIU,2009,179,"1,060",22,"1,038",5.8,19,Rushing
Joshua Nesbitt,GT,2009,279,"1,205",168,"1,037",3.72,18,Rushing
Luke Lippincott,NEV,2009,134,"1,049",15,"1,034",7.72,9,Rushing
Delone Carter,SYR,2009,236,"1,048",27,"1,021",4.33,11,Rushing
Andre Anderson,TULN,2009,238,"1,108",92,"1,016",4.27,8,Rushing
Seth Smith,NMST,2009,246,"1,086",70,"1,016",4.13,1,Rushing
Damion Fletcher,USM,2009,219,"1,050",35,"1,015",4.63,8,Rushing
Joe McKnight,USC,2009,164,"1,054",40,"1,014",6.18,8,Rushing
DaJuane Collins,TOL,2009,178,"1,026",35,991,5.57,14,Rushing
DeMaundray Woolridge,IDHO,2009,170,985,5,980,5.76,18,Rushing
Vince Murray,NAVY,2009,182,972,1,971,5.34,6,Rushing
Jared Tew,AF,2009,238,976,6,970,4.08,9,Rushing
Joe Martinek,RUT,2009,206,"1,018",51,967,4.69,9,Rushing
Shane Vereen,CAL,2009,183,"1,000",48,952,5.2,12,Rushing
Bobby Rainey,WKU,2009,144,"1,017",78,939,6.52,6,Rushing
Ralph Bolden,PUR,2009,200,"1,000",65,935,4.67,9,Rushing
Tim Tebow,FLA,2009,217,"1,088",178,910,4.19,14,Rushing
Derrick Locke,KY,2009,195,961,54,907,4.65,6,Rushing
Baron Batch,TTU,2009,168,903,19,884,5.26,14,Rushing
MiQuale Lewis,BALL,2009,181,947,76,871,4.81,5,Rushing
Jahvid Best,CAL,2009,141,930,63,867,6.15,12,Rushing
Asher Clark,AF,2009,151,909,44,865,5.73,7,Rushing
Derrick Washington,MIZZ,2009,190,909,44,865,4.55,10,Rushing
D.D. Kyles,MTSU,2009,139,879,22,857,6.17,3,Rushing
Christine Michael,TAMU,2009,166,878,34,844,5.08,10,Rushing
Adam Robinson,IOWA,2009,181,877,43,834,4.61,5,Rushing
Jermaine Thomas,FSU,2009,163,876,44,832,5.1,9,Rushing
Isaiah Pead,CINN,2009,121,843,37,806,6.66,9,Rushing
Rodney Stewart,COL,2009,198,872,68,804,4.06,9,Rushing
Dimitri Nance,AZST,2009,188,865,70,795,4.23,6,Rushing
Warren Norman,VAN,2009,145,802,19,783,5.4,3,Rushing
Terrelle Pryor,OSU,2009,162,"1,014",235,779,4.81,7,Rushing
Toney Baker,NCST,2009,160,801,28,773,4.83,6,Rushing
B.J. Daniels,USF,2009,175,"1,029",257,772,4.41,9,Rushing
Leonard Mason,CSU,2009,156,791,25,766,4.91,2,Rushing
Doug Martin,BSU,2009,129,778,13,765,5.93,15,Rushing
Cyrus Gray,TAMU,2009,159,794,37,757,4.76,5,Rushing
Joseph Turner,TCU,2009,147,768,14,754,5.13,11,Rushing
Trent Richardson,ALA,2009,145,784,33,751,5.18,8,Rushing
Chris Brown,OKLA,2009,182,791,42,749,4.12,7,Rushing
Jeff Demps,FLA,2009,99,763,18,745,7.53,7,Rushing
Brandon Saine,OSU,2009,145,768,29,739,5.1,4,Rushing
Mikel Leshoure,ILL,2009,108,765,31,734,6.8,5,Rushing
Reggie Arnold,ARST,2009,168,766,43,723,4.3,12,Rushing
Washaun Ealey,UGA,2009,125,728,11,717,5.74,3,Rushing
Ryan Houston,UNC,2009,191,733,20,713,3.73,9,Rushing
Dan LeFevour,CMU,2009,183,824,111,713,3.9,15,Rushing
Trent Steelman,ARMY,2009,202,855,149,706,3.5,5,Rushing
Willie Geter,BGSU,2009,176,770,65,705,4.01,9,Rushing
DeMarco Murray,OKLA,2009,171,741,36,705,4.12,8,Rushing
Charles Sims,HOU,2009,132,718,20,698,5.29,9,Rushing
Armando Allen,ND,2009,142,733,36,697,4.91,3,Rushing
Graig Cooper,MIA,2009,134,719,24,695,5.19,4,Rushing
Princeton McCarty,IDHO,2009,115,696,16,680,5.91,3,Rushing
Matthew Tucker,TCU,2009,105,680,4,676,6.44,8,Rushing
LaMichael James,ORE,2010,294,"1,840",109,"1,731",5.89,21,Rushing
Denard Robinson,MICH,2010,256,"1,799",97,"1,702",6.65,14,Rushing
Mikel Leshoure,ILL,2010,281,"1,746",49,"1,697",6.04,17,Rushing
Jordan Todman,CONN,2010,334,"1,758",63,"1,695",5.07,14,Rushing
Bobby Rainey,WKU,2010,340,"1,711",62,"1,649",4.85,15,Rushing
Vai Taua,NEV,2010,284,"1,623",13,"1,610",5.67,19,Rushing
Daniel Thomas,KSST,2010,298,"1,615",30,"1,585",5.32,19,Rushing
Lance Dunbar,UNT,2010,274,"1,639",86,"1,553",5.67,13,Rushing
Kendall Hunter,OKST,2010,271,"1,594",46,"1,548",5.71,16,Rushing
Ronnie Hillman,SDSU,2010,262,"1,600",68,"1,532",5.85,17,Rushing
Zach Line,SMU,2010,244,"1,523",29,"1,494",6.12,10,Rushing
Cam Newton,AUB,2010,264,"1,662",189,"1,473",5.58,20,Rushing
Chris Polk,WASH,2010,260,"1,465",50,"1,415",5.44,9,Rushing
Bilal Powell,LOU,2010,229,"1,488",83,"1,405",6.14,11,Rushing
Chad Spann,NIU,2010,258,"1,429",41,"1,388",5.38,22,Rushing
Knile Davis,ARK,2010,204,"1,362",40,"1,322",6.48,13,Rushing
Rodney Stewart,COL,2010,290,"1,364",46,"1,318",4.54,10,Rushing
Anthony Allen,GT,2010,240,"1,346",30,"1,316",5.48,7,Rushing
Doug Martin,BSU,2010,201,"1,289",29,"1,260",6.27,12,Rushing
Roy Helu,NEB,2010,188,"1,292",47,"1,245",6.62,11,Rushing
Montel Harris,BC,2010,269,"1,278",35,"1,243",4.62,8,Rushing
Delone Carter,SYR,2010,231,"1,260",27,"1,233",5.34,9,Rushing
Jay Finley,BAY,2010,195,"1,245",27,"1,218",6.25,12,Rushing
DeMarco Murray,OKLA,2010,282,"1,253",39,"1,214",4.3,15,Rushing
Colin Kaepernick,NEV,2010,173,"1,309",103,"1,206",6.97,20,Rushing
Edwin Baker,MSU,2010,207,"1,246",45,"1,201",5.8,13,Rushing
Alex Green,HAW,2010,146,"1,235",36,"1,199",8.21,18,Rushing
Marcus Lattimore,SCAR,2010,249,"1,230",33,"1,197",4.81,17,Rushing
Jacquizz Rodgers,ORST,2010,256,"1,258",74,"1,184",4.62,14,Rushing
Lennon Creer,LT,2010,212,"1,248",67,"1,181",5.57,10,Rushing
Shane Vereen,CAL,2010,231,"1,225",58,"1,167",5.05,13,Rushing
Dan Herron,OSU,2010,216,"1,196",41,"1,155",5.35,16,Rushing
Stevan Ridley,LSU,2010,249,"1,187",40,"1,147",4.61,15,Rushing
Stepfan Taylor,STAN,2010,223,"1,175",38,"1,137",5.1,15,Rushing
Cyrus Gray,TAMU,2010,200,"1,180",47,"1,133",5.67,12,Rushing
Robbie Rouse,FRES,2010,205,"1,177",48,"1,129",5.51,8,Rushing
Johnathan Franklin,UCLA,2010,214,"1,193",66,"1,127",5.27,8,Rushing
Adonis Thomas,TOL,2010,175,"1,133",35,"1,098",6.27,8,Rushing
Michael Dyer,AUB,2010,182,"1,106",13,"1,093",6.01,5,Rushing
Ed Wesley,TCU,2010,166,"1,093",15,"1,078",6.49,11,Rushing
Dion Lewis,PITT,2010,219,"1,088",27,"1,061",4.84,13,Rushing
James White,WISC,2010,156,"1,086",34,"1,052",6.74,14,Rushing
Tauren Poole,TENN,2010,204,"1,085",51,"1,034",5.07,11,Rushing
Asher Clark,AF,2010,182,"1,081",50,"1,031",5.66,5,Rushing
Isaiah Pead,CINN,2010,157,"1,063",34,"1,029",6.55,6,Rushing
Evan Royster,PSU,2010,208,"1,042",28,"1,014",4.88,6,Rushing
Jared Hassin,ARMY,2010,191,"1,027",14,"1,013",5.3,9,Rushing
John Clay,WISC,2010,187,"1,028",16,"1,012",5.41,14,Rushing
Montee Ball,WISC,2010,163,"1,019",23,996,6.11,18,Rushing
Brandon Bolden,MISS,2010,163,"1,028",52,976,5.99,14,Rushing
Vick Ballard,MSST,2010,186,994,26,968,5.2,19,Rushing
Ricky Dobbs,NAVY,2010,266,"1,101",134,967,3.64,14,Rushing
Taylor Martinez,NEB,2010,162,"1,195",230,965,5.96,12,Rushing
Rex Burkhead,NEB,2010,172,990,39,951,5.53,7,Rushing
Alexander Robinson,IAST,2010,202,995,49,946,4.68,9,Rushing
Adam Robinson,IOWA,2010,203,993,52,941,4.64,10,Rushing
Noel Devine,WVU,2010,209,"1,013",77,936,4.48,6,Rushing
Alfred Morris,FAU,2010,227,983,55,928,4.09,7,Rushing
Phillip Tanner,MTSU,2010,160,978,50,928,5.8,13,Rushing
Orleans Darkwa,TULN,2010,184,958,33,925,5.03,11,Rushing
Ray Graham,PITT,2010,148,958,36,922,6.23,8,Rushing
Thomas Merriweather,MIOH,2010,176,967,46,921,5.23,12,Rushing
J.J. Di Luigi,BYU,2010,178,954,37,917,5.15,8,Rushing
Marc Tyler,USC,2010,171,930,17,913,5.34,9,Rushing
Kendrick Hardy,USM,2010,139,919,16,903,6.5,7,Rushing
Damien Berry,MIA,2010,190,930,31,899,4.73,5,Rushing
Ronnie Weaver,UCF,2010,186,946,56,890,4.78,11,Rushing
Derrick Locke,KY,2010,166,919,32,887,5.34,10,Rushing
Sam McGuffie,RICE,2010,197,947,64,883,4.48,6,Rushing
Alex Allen,AKR,2010,186,939,62,877,4.72,8,Rushing
Mark Ingram,ALA,2010,158,903,28,875,5.54,13,Rushing
Bryce Beall,HOU,2010,163,890,20,870,5.34,12,Rushing
Nathan Scheelhaase,ILL,2010,185,"1,048",180,868,4.69,5,Rushing
Alexander Teich,NAVY,2010,147,868,5,863,5.87,5,Rushing
Darren Evans,VT,2010,151,886,32,854,5.66,11,Rushing
Pat Shed,UAB,2010,157,901,54,847,5.39,3,Rushing
John Williams,ECU,2010,154,883,36,847,5.5,10,Rushing
Chris Thompson,FSU,2010,134,871,26,845,6.31,6,Rushing
Darriet Perry,FIU,2010,170,865,26,839,4.94,16,Rushing
Chandler Harnish,NIU,2010,137,946,110,836,6.1,7,Rushing
Matt Brown,TEM,2010,162,886,56,830,5.12,7,Rushing
Baron Batch,TTU,2010,177,830,14,816,4.61,5,Rushing
Washaun Ealey,UGA,2010,157,828,17,811,5.17,11,Rushing
Onterio McCalebb,AUB,2010,95,850,40,810,8.53,9,Rushing
Allen Bradford,USC,2010,110,821,27,794,7.22,5,Rushing
Tim Jefferson,AF,2010,154,868,74,794,5.16,15,Rushing
Moise Plancher,USF,2010,176,820,27,793,4.51,5,Rushing
Alvester Alexander,WYO,2010,189,908,116,792,4.19,14,Rushing
Cameron Marshall,AZST,2010,150,813,26,787,5.25,9,Rushing
Derrvin Speight,USU,2010,189,806,27,779,4.12,8,Rushing
Alex Gillett,EMU,2010,179,955,189,766,4.28,5,Rushing
Jamie Harper,CLEM,2010,197,838,78,760,3.86,7,Rushing
Terrelle Pryor,OSU,2010,135,898,144,754,5.59,4,Rushing
Keith Payne,UVA,2010,160,768,19,749,4.68,14,Rushing
James Sims,KAN,2010,168,749,7,742,4.42,9,Rushing
Joshua Nesbitt,GT,2010,166,876,139,737,4.44,10,Rushing
Bernard Pierce,TEM,2010,154,759,31,728,4.73,10,Rushing
Trent Steelman,ARMY,2010,197,841,120,721,3.66,11,Rushing
Josh Harris,WF,2010,126,764,44,720,5.71,7,Rushing
Davin Meggett,MD,2010,126,731,11,720,5.71,4,Rushing
Montee Ball,WISC,2011,307,"1,954",31,"1,923",6.26,33,Rushing
LaMichael James,ORE,2011,247,"1,870",65,"1,805",7.31,18,Rushing
Ronnie Hillman,SDSU,2011,311,"1,784",73,"1,711",5.5,19,Rushing
David Wilson,VT,2011,290,"1,846",137,"1,709",5.89,9,Rushing
Bobby Rainey,WKU,2011,369,"1,810",115,"1,695",4.59,13,Rushing
Trent Richardson,ALA,2011,283,"1,740",61,"1,679",5.93,21,Rushing
Robbie Rouse,FRES,2011,329,"1,607",58,"1,549",4.71,13,Rushing
Terrance Ganaway,BAY,2011,250,"1,566",19,"1,547",6.19,21,Rushing
John White IV,UTAH,2011,316,"1,609",90,"1,519",4.81,15,Rushing
Robert Turbin,USU,2011,249,"1,538",21,"1,517",6.09,19,Rushing
Chris Polk,WASH,2011,293,"1,535",47,"1,488",5.08,12,Rushing
Bernard Pierce,TEM,2011,273,"1,518",37,"1,481",5.42,27,Rushing
Branden Oliver,BUFF,2011,306,"1,444",49,"1,395",4.56,13,Rushing
Marcus Coker,IOWA,2011,281,"1,417",33,"1,384",4.93,15,Rushing
Chandler Harnish,NIU,2011,194,"1,510",131,"1,379",7.11,11,Rushing
Rex Burkhead,NEB,2011,284,"1,406",49,"1,357",4.78,15,Rushing
Stepfan Taylor,STAN,2011,242,"1,363",33,"1,330",5.5,10,Rushing
Isi Sofele,CAL,2011,252,"1,382",60,"1,322",5.25,10,Rushing
Doug Martin,BSU,2011,263,"1,375",76,"1,299",4.94,16,Rushing
Lamar Miller,MIA,2011,227,"1,335",63,"1,272",5.6,9,Rushing
Isaiah Pead,CINN,2011,237,"1,338",79,"1,259",5.31,12,Rushing
Giovani Bernard,UNC,2011,239,"1,324",71,"1,253",5.24,13,Rushing
Michael Dyer,AUB,2011,242,"1,293",51,"1,242",5.13,10,Rushing
Silas Redd,PSU,2011,244,"1,262",21,"1,241",5.09,7,Rushing
Zach Line,SMU,2011,208,"1,256",32,"1,224",5.88,17,Rushing
Joseph Randle,OKST,2011,208,"1,248",32,"1,216",5.85,24,Rushing
Zac Stacy,VAN,2011,201,"1,267",74,"1,193",5.94,14,Rushing
Vick Ballard,MSST,2011,193,"1,228",39,"1,189",6.16,10,Rushing
Alfred Morris,FAU,2011,235,"1,238",52,"1,186",5.05,9,Rushing
Andre Ellington,CLEM,2011,223,"1,218",40,"1,178",5.28,11,Rushing
Denard Robinson,MICH,2011,221,"1,349",173,"1,176",5.32,16,Rushing
Henry Josey,MIZZ,2011,145,"1,191",23,"1,168",8.06,9,Rushing
Lyle McCombs,CONN,2011,275,"1,244",93,"1,151",4.19,7,Rushing
Kedrick Rhodes,FIU,2011,234,"1,194",45,"1,149",4.91,8,Rushing
Collin Klein,KSST,2011,317,"1,448",307,"1,141",3.6,27,Rushing
Chris Nwoke,CSU,2011,200,"1,176",46,"1,130",5.65,9,Rushing
Lance Dunbar,UNT,2011,269,"1,197",82,"1,115",4.14,10,Rushing
Asher Clark,AF,2011,163,"1,155",45,"1,110",6.81,7,Rushing
Cierre Wood,ND,2011,217,"1,186",84,"1,102",5.08,9,Rushing
Kenny Turner,NMST,2011,219,"1,141",67,"1,074",4.9,10,Rushing
Adonis Thomas,TOL,2011,171,"1,114",43,"1,071",6.26,12,Rushing
Raymond Maples,ARMY,2011,146,"1,078",12,"1,066",7.3,4,Rushing
Antwon Bailey,SYR,2011,240,"1,097",46,"1,051",4.38,6,Rushing
Cameron Marshall,AZST,2011,230,"1,098",48,"1,050",4.57,18,Rushing
Cyrus Gray,TAMU,2011,198,"1,105",60,"1,045",5.28,12,Rushing
Fitzgerald Toussaint,MICH,2011,187,"1,091",50,"1,041",5.57,9,Rushing
Curtis McNeal,USC,2011,145,"1,038",33,"1,005",6.93,6,Rushing
Tevin Washington,GT,2011,243,"1,126",139,987,4.06,14,Rushing
Donte Harden,OHIO,2011,187,"1,035",49,986,5.27,2,Rushing
James Franklin,MIZZ,2011,217,"1,145",164,981,4.52,15,Rushing
Johnathan Franklin,UCLA,2011,166,"1,003",27,976,5.88,5,Rushing
John Hubert,KSST,2011,200,"1,034",64,970,4.85,3,Rushing
MarQueis Gray,MINN,2011,199,"1,090",124,966,4.85,6,Rushing
Jawon Chisholm,AKR,2011,218,"1,021",60,961,4.41,5,Rushing
Ray Graham,PITT,2011,164,991,33,958,5.84,9,Rushing
Jasmin Hopkins,NIU,2011,187,997,41,956,5.11,15,Rushing
Le'Veon Bell,MSU,2011,182,987,39,948,5.21,13,Rushing
Kenjon Barner,ORE,2011,152,971,32,939,6.18,11,Rushing
Orleans Darkwa,TULN,2011,210,964,40,924,4.4,13,Rushing
Matt Brown,TEM,2011,155,947,31,916,5.91,6,Rushing
Perry Jones,UVA,2011,184,960,45,915,4.97,5,Rushing
Kriss Proctor,NAVY,2011,211,"1,065",151,914,4.33,14,Rushing
Lampford Mark,NEV,2011,159,929,18,911,5.73,10,Rushing
Brandon Rutley,SJSU,2011,216,955,52,903,4.18,12,Rushing
Christine Michael,TAMU,2011,149,920,21,899,6.03,8,Rushing
Jawan Jamison,RUT,2011,231,996,99,897,3.88,9,Rushing
James Washington,NCST,2011,226,925,28,897,3.97,7,Rushing
Davin Meggett,MD,2011,171,922,26,896,5.24,4,Rushing
Ja'Terian Douglas,TULS,2011,112,916,33,883,7.88,4,Rushing
Alexander Teich,NAVY,2011,186,886,3,883,4.75,4,Rushing
Trey Watts,TULS,2011,157,913,32,881,5.61,3,Rushing
Waymon James,TCU,2011,121,884,9,875,7.23,6,Rushing
Taylor Martinez,NEB,2011,188,"1,040",166,874,4.65,9,Rushing
Michael Smith,USU,2011,114,885,15,870,7.63,9,Rushing
Chris Rainey,FLA,2011,171,938,77,861,5.04,2,Rushing
Tyler Smith,RICE,2011,155,881,21,860,5.55,5,Rushing
Rodney Stewart,COL,2011,189,912,58,854,4.52,4,Rushing
Isaiah Crowell,UGA,2011,185,901,51,850,4.59,5,Rushing
Anthon Samuel,BGSU,2011,144,874,30,844,5.86,5,Rushing
Lennon Creer,LT,2011,198,878,40,838,4.23,9,Rushing
Joe Banyard,UTEP,2011,127,867,35,832,6.55,6,Rushing
Brandon Pendergrass,WF,2011,188,887,64,823,4.38,9,Rushing
Charles Sims,HOU,2011,110,834,13,821,7.46,9,Rushing
Marcus Lattimore,SCAR,2011,163,835,17,818,5.02,10,Rushing
Darrell Scott,USF,2011,153,824,10,814,5.32,5,Rushing
Stephen Houston,IND,2011,151,833,31,802,5.31,8,Rushing
Jonas Gray,ND,2011,114,812,21,791,6.94,12,Rushing
Jahwan Edwards,BALL,2011,178,811,25,786,4.42,11,Rushing
Derrick Coleman,UCLA,2011,152,794,29,765,5.03,11,Rushing
Michael Ford,LSU,2011,127,772,16,756,5.95,7,Rushing
James White,IAST,2011,158,819,65,754,4.77,8,Rushing
Malcolm Brown,TEX,2011,172,779,37,742,4.31,5,Rushing
Dustin Garrison,WVU,2011,136,777,35,742,5.46,6,Rushing
Alex Gillett,EMU,2011,169,918,182,736,4.36,3,Rushing
Jamal Woodyard,USM,2011,110,766,34,732,6.65,3,Rushing
Michael Hayes,HOU,2011,138,751,24,727,5.27,11,Rushing
James Sims,KAN,2011,182,747,20,727,3.99,9,Rushing
Ed Wesley,TCU,2011,120,745,19,726,6.05,6,Rushing
Braxton Miller,OSU,2011,159,951,236,715,4.5,7,Rushing
James White,WISC,2011,141,741,28,713,5.06,6,Rushing
Ka'Deem Carey,ARIZ,2012,303,"1,975",46,"1,929",6.37,23,Rushing
Stefphon Jefferson,NEV,2012,375,"1,947",64,"1,883",5.02,24,Rushing
Montee Ball,WISC,2012,356,"1,909",79,"1,830",5.14,22,Rushing
Jordan Lynch,NIU,2012,294,"1,951",136,"1,815",6.17,19,Rushing
Le'Veon Bell,MSU,2012,382,"1,844",51,"1,793",4.69,12,Rushing
Kenjon Barner,ORE,2012,278,"1,849",82,"1,767",6.36,21,Rushing
Johnathan Franklin,UCLA,2012,282,"1,819",85,"1,734",6.15,13,Rushing
Antonio Andrews,WKU,2012,304,"1,784",56,"1,728",5.68,11,Rushing
Beau Blankenship,OHIO,2012,312,"1,642",38,"1,604",5.14,15,Rushing
Stepfan Taylor,STAN,2012,322,"1,588",58,"1,530",4.75,13,Rushing
Kerwynn Williams,USU,2012,218,"1,583",71,"1,512",6.94,15,Rushing
David Fluellen,TOL,2012,259,"1,550",52,"1,498",5.78,13,Rushing
Zurlon Tipton,CMU,2012,252,"1,536",39,"1,497",5.94,19,Rushing
Robbie Rouse,FRES,2012,282,"1,555",65,"1,490",5.28,12,Rushing
Kasey Carrier,UNM,2012,255,"1,498",29,"1,469",5.76,15,Rushing
Adam Muema,SDSU,2012,237,"1,502",44,"1,458",6.15,16,Rushing
Bishop Sankey,WASH,2012,289,"1,491",52,"1,439",4.98,16,Rushing
Dri Archer,KENT,2012,159,"1,482",53,"1,429",8.99,16,Rushing
Joseph Randle,OKST,2012,274,"1,457",40,"1,417",5.17,14,Rushing
Jahwan Edwards,BALL,2012,232,"1,427",17,"1,410",6.08,14,Rushing
Johnny Manziel,TAMU,2012,201,"1,571",161,"1,410",7.01,21,Rushing
Todd Gurley,UGA,2012,222,"1,415",30,"1,385",6.24,17,Rushing
Venric Mark,NW,2012,226,"1,416",50,"1,366",6.04,12,Rushing
George Winn,CINN,2012,243,"1,370",36,"1,334",5.49,13,Rushing
Eddie Lacy,ALA,2012,204,"1,360",38,"1,322",6.48,17,Rushing
Trayion Durham,KENT,2012,276,"1,346",30,"1,316",4.77,14,Rushing
Zach Line,SMU,2012,277,"1,325",47,"1,278",4.61,13,Rushing
Braxton Miller,OSU,2012,227,"1,524",253,"1,271",5.6,13,Rushing
Denard Robinson,MICH,2012,177,"1,350",84,"1,266",7.15,7,Rushing
Cody Getz,AF,2012,198,"1,278",30,"1,248",6.3,9,Rushing
Trent Steelman,ARMY,2012,241,"1,333",85,"1,248",5.18,17,Rushing
Tim Cornett,UNLV,2012,242,"1,268",36,"1,232",5.09,7,Rushing
Giovani Bernard,UNC,2012,184,"1,270",42,"1,228",6.67,12,Rushing
Raymond Maples,ARMY,2012,223,"1,270",55,"1,215",5.45,2,Rushing
Kenneth Dixon,LT,2012,200,"1,228",34,"1,194",5.97,27,Rushing
Jerome Smith,SYR,2012,227,"1,207",36,"1,171",5.16,3,Rushing
Mike Gillislee,FLA,2012,244,"1,187",35,"1,152",4.72,10,Rushing
Zac Stacy,VAN,2012,207,"1,198",57,"1,141",5.51,10,Rushing
Ameer Abdullah,NEB,2012,226,"1,193",56,"1,137",5.03,8,Rushing
D.J. Harper,BSU,2012,228,"1,207",70,"1,137",4.99,15,Rushing
Cody Fajardo,NEV,2012,190,"1,270",149,"1,121",5.9,12,Rushing
Trey Watts,TULS,2012,186,"1,132",24,"1,108",5.96,3,Rushing
T.J. Yeldon,ALA,2012,175,"1,131",23,"1,108",6.33,12,Rushing
Latavius Murray,UCF,2012,198,"1,137",31,"1,106",5.59,15,Rushing
Andre Ellington,CLEM,2012,212,"1,104",23,"1,081",5.1,8,Rushing
Jawan Jamison,RUT,2012,255,"1,154",79,"1,075",4.22,4,Rushing
David Oku,ARST,2012,243,"1,105",44,"1,061",4.37,16,Rushing
Montel Harris,TEM,2012,186,"1,087",33,"1,054",5.67,12,Rushing
Vintavious Cooper,ECU,2012,200,"1,084",35,"1,049",5.25,7,Rushing
Ray Graham,PITT,2012,222,"1,077",35,"1,042",4.69,11,Rushing
John White IV,UTAH,2012,218,"1,085",44,"1,041",4.78,8,Rushing
Darrin Reaves,UAB,2012,215,"1,075",38,"1,037",4.82,13,Rushing
DeLeon Eskridge,SJSU,2012,207,"1,060",35,"1,025",4.95,11,Rushing
Kendial Lawrence,MIZZ,2012,200,"1,102",77,"1,025",5.12,12,Rushing
LaDarius Perkins,MSST,2012,205,"1,061",37,"1,024",5.0,8,Rushing
Taylor Martinez,NEB,2012,195,"1,317",298,"1,019",5.23,10,Rushing
James Sims,KAN,2012,218,"1,048",35,"1,013",4.65,9,Rushing
Lache Seastrunk,BAY,2012,131,"1,031",19,"1,012",7.73,7,Rushing
Shawn Southward,TROY,2012,194,"1,041",29,"1,012",5.22,10,Rushing
Tre Mason,AUB,2012,171,"1,038",36,"1,002",5.86,8,Rushing
Zach Zwinak,PSU,2012,203,"1,007",7,"1,000",4.93,6,Rushing
Anthon Samuel,BGSU,2012,202,"1,064",66,998,4.94,11,Rushing
Carlos Hyde,OSU,2012,185,995,25,970,5.24,16,Rushing
Jawon Chisholm,AKR,2012,180,993,40,953,5.29,5,Rushing
Dareyon Chance,WMU,2012,176,956,9,947,5.38,4,Rushing
John Hubert,KSST,2012,189,995,48,947,5.01,15,Rushing
Duke Johnson,MIA,2012,139,977,30,947,6.81,10,Rushing
Damien Williams,OKLA,2012,176,"1,006",60,946,5.38,11,Rushing
Storm Woods,ORST,2012,192,965,25,940,4.9,13,Rushing
Ja'Terian Douglas,TULS,2012,137,974,38,936,6.83,7,Rushing
Donnell Kirkwood,MINN,2012,218,958,32,926,4.25,6,Rushing
Collin Klein,KSST,2012,207,"1,041",121,920,4.44,23,Rushing
Theo Riddick,ND,2012,190,943,26,917,4.83,5,Rushing
Bronson Hill,EMU,2012,140,934,24,910,6.5,6,Rushing
Silas Redd,USC,2012,167,940,35,905,5.42,9,Rushing
Nathan Jeffery,UTEP,2012,184,920,23,897,4.88,7,Rushing
Kain Colter,NW,2012,170,996,102,894,5.26,12,Rushing
Glasco Martin,BAY,2012,179,906,17,889,4.97,15,Rushing
Alonzo Harris,ULL,2012,170,914,33,881,5.18,10,Rushing
Gee Gee Greene,NAVY,2012,120,913,36,877,7.31,3,Rushing
Akeem Shavers,PUR,2012,181,920,49,871,4.81,6,Rushing
Brandin Byrd,UNT,2012,205,910,50,860,4.2,4,Rushing
Lyle McCombs,CONN,2012,243,913,53,860,3.54,6,Rushing
Andrew Buie,WVU,2012,179,914,63,851,4.75,7,Rushing
Jordan Parker,MTSU,2012,166,873,22,851,5.13,3,Rushing
Charles Sims,HOU,2012,142,860,9,851,5.99,11,Rushing
Jeff Scott,MISS,2012,197,900,54,846,4.29,6,Rushing
Larry Dixon,ARMY,2012,140,840,1,839,5.99,6,Rushing
Prince-Tyson Gulley,SYR,2012,158,859,29,830,5.25,9,Rushing
Kenny Williams,TTU,2012,143,859,35,824,5.76,5,Rushing
Jeremy Wright,LOU,2012,211,910,86,824,3.91,10,Rushing
Walter Kazee,SDSU,2012,161,840,18,822,5.11,8,Rushing
Branden Oliver,BUFF,2012,148,842,21,821,5.55,5,Rushing
Mark Weisman,IOWA,2012,159,837,22,815,5.13,8,Rushing
Ben Malena,TAMU,2012,138,826,18,808,5.86,8,Rushing
James White,WISC,2012,125,840,34,806,6.45,12,Rushing
Charles Ross,RICE,2012,147,829,29,800,5.44,5,Rushing
Alex Singleton,TULS,2012,202,818,18,800,3.96,24,Rushing
C.J. Anderson,CAL,2012,126,814,24,790,6.27,4,Rushing
Jamaal Williams,BYU,2012,166,802,27,775,4.67,12,Rushing
