Team,Conference,Year,Games,Win,Loss,Off.Yards.per.Game,Yards.Per.Game.Allowed,Touchdowns,Touchdowns.Allowed
Akron ,MAC,2013,12,5,7,342,397,31,44
Alabama ,SEC,2013,13,11,2,454.1,286.5,65,23
Arizona ,Pac-12,2013,13,8,5,458.5,401.1,57,39
Arizona State,Pac-12,2013,14,10,4,457.3,372.4,69,48
Arkansas ,SEC,2013,12,3,9,357.2,413.4,30,49
Arkansas State ,Sun Belt,2013,13,8,5,407.8,413.1,48,43
Army West Point ,FBS Independent,2013,12,3,9,387.3,410.8,38,49
Auburn ,SEC,2013,14,12,2,501.3,420.7,73,41
Ball State ,MAC,2013,13,10,3,477.1,413.8,64,39
Baylor ,Big 12,2013,13,11,2,618.8,360.3,91,41
Boston College ,ACC,2013,13,7,6,367.2,429,43,48
Bowling Green ,MAC,2013,14,10,4,459.4,321.4,62,29
Buffalo ,MAC,2013,13,8,5,394.7,382.8,51,40
BYU ,FBS Independent,2013,13,8,5,493.6,378.8,47,33
California ,Pac-12,2013,12,1,11,453.6,529.6,32,72
Central Michigan,MAC,2013,12,6,6,341.1,405.2,35,43
Cincinnati ,AAC,2013,13,9,4,472.1,315.6,57,34
Clemson ,ACC,2013,13,11,2,507.7,356.7,69,37
Colorado ,Pac-12,2013,12,4,8,369.9,468,36,58
Duke ,ACC,2013,14,10,4,426.1,418,60,48
East Carolina ,C-USA,2013,13,10,3,468.2,368.8,68,39
Eastern Michigan ,MAC,2013,12,2,10,336.1,510.8,30,71
Florida International ,C-USA,2013,12,1,11,219,429.7,13,57
Florida Atlantic ,C-USA,2013,12,6,6,381.3,325.9,41,32
Florida ,SEC,2013,12,4,8,316.7,314.3,27,27
Florida State ,ACC,2013,14,14,0,519.1,281.4,94,21
Georgia ,SEC,2013,13,8,5,484.2,375.5,58,47
Georgia Tech ,ACC,2013,13,7,6,429.7,360.2,61,38
Houston ,AAC,2013,13,8,5,419.5,415.8,54,34
Idaho ,FBS Independent,2013,12,1,11,368.3,529.4,27,76
Illinois ,Big Ten,2013,12,4,8,426.7,481.5,45,55
Indiana ,Big Ten,2013,12,5,7,508.5,527.9,62,63
Iowa ,Big Ten,2013,13,8,5,377,303.1,42,30
Iowa State,Big 12,2013,12,3,9,363,463.1,37,56
Kansas ,Big 12,2013,12,3,9,294.5,432.6,22,48
Kansas State ,Big 12,2013,13,8,5,402.7,358.8,56,35
Kent State,MAC,2013,12,4,8,368.9,409.9,31,40
Kentucky ,SEC,2013,12,2,10,341.2,427.2,30,49
Louisiana-Monroe ,Sun Belt,2013,12,6,6,360.3,426.8,36,46
Louisiana ,Sun Belt,2013,13,9,4,416.8,393.5,59,43
Louisiana Tech ,C-USA,2013,12,4,8,366.2,408.3,25,39
Louisville ,AAC,2013,13,12,1,460.8,251.5,57,18
LSU ,SEC,2013,13,10,3,453.3,340.7,61,32
Marshall ,C-USA,2013,14,10,4,500.4,368.6,80,40
Maryland ,ACC,2013,13,7,6,396.9,374.4,39,38
UMass,MAC,2013,12,1,11,281.6,433.3,15,50
Memphis ,AAC,2013,12,3,9,311.5,370.7,27,37
Miami ,FL),2013,13,9,4,425.8,426.4,57,43
Miami ,OH),2013,12,0,12,225.8,484.3,14,55
Michigan ,Big Ten,2013,13,7,6,373.5,371.5,52,40
Michigan State ,Big Ten,2013,14,13,1,385.5,252.2,51,21
Middle Tennessee,C-USA,2013,13,8,5,407.5,402.7,49,43
Minnesota ,Big Ten,2013,13,8,5,343.3,373.2,42,36
Mississippi State ,SEC,2013,13,7,6,434.4,349.3,48,36
Missouri ,SEC,2013,14,12,2,490.7,417.7,71,39
Navy ,FBS Independent,2013,13,9,4,411.3,394.8,58,41
NC State ,ACC,2013,12,3,9,403.5,399.4,31,48
Nebraska ,Big Ten,2013,13,9,4,412.4,370.8,54,38
New Mexico State ,FBS Independent,2013,12,2,10,385.2,549.5,32,71
North Carolina ,ACC,2013,13,7,6,425.7,403.2,55,38
North Texas ,C-USA,2013,13,9,4,410.5,348.3,55,30
Northern Illinois,MAC,2013,14,12,2,519.8,414.9,71,43
Northwestern ,Big Ten,2013,12,5,7,399.6,423.5,35,40
Notre Dame ,FBS Independent,2013,13,9,4,406.2,366.2,42,34
Ohio ,MAC,2013,13,7,6,379.4,405.8,43,46
Ohio State,Big Ten,2013,14,12,2,511.9,377.4,87,42
Oklahoma ,Big 12,2013,13,11,2,423,350.2,50,36
Oklahoma State,Big 12,2013,13,10,3,448.8,384.9,68,33
Ole Miss ,,2013,13,8,5,473.3,370.5,49,38
Oregon ,Pac-12,2013,13,11,2,565,370.1,81,32
Oregon State,Pac-12,2013,13,7,6,467,436.6,59,51
Penn State,Big Ten,2013,12,7,5,433.2,381.3,43,38
Pittsburgh ,ACC,2013,13,7,6,362.2,367.5,43,43
Purdue ,Big Ten,2013,12,1,11,282.9,459.9,23,61
Rice ,C-USA,2013,14,10,4,405.6,364.1,54,43
Rutgers ,AAC,2013,13,6,7,365.2,412.8,44,49
SMU ,AAC,2013,12,5,7,435.2,412.6,38,54
South Alabama ,Sun Belt,2013,12,6,6,425.5,384.3,43,36
South Carolina ,SEC,2013,13,11,2,452.3,350,57,32
South Florida,AAC,2013,12,2,10,255.5,350.8,16,43
USC,Pac-12,2013,14,10,4,399.9,335.2,53,39
Southern Mississippi,C-USA,2013,12,1,11,315.5,435.5,24,68
Stanford ,Pac-12,2013,14,11,3,405.4,343.1,56,31
Syracuse ,ACC,2013,13,7,6,376.8,367.2,38,42
TCU ,Big 12,2013,12,4,8,344.8,356.4,37,33
Temple ,AAC,2013,12,2,10,399,473.6,42,42
Tennessee ,SEC,2013,12,5,7,353.3,418.4,35,46
Texas ,Big 12,2013,13,8,5,408.7,407.2,46,39
Texas A&M ,SEC,2013,13,9,4,538.4,475.8,78,55
Texas State,Sun Belt,2013,12,6,6,326.3,396.7,37,41
Texas Tech ,Big 12,2013,13,8,5,511,418.5,57,51
Toledo ,MAC,2013,12,7,5,447.3,421.8,49,45
Troy ,Sun Belt,2013,12,6,6,463.3,483.2,54,58
Tulane ,C-USA,2013,13,7,6,311.8,352.1,39,33
Tulsa ,C-USA,2013,12,3,9,356.2,429.6,29,52
UAB ,C-USA,2013,12,2,10,392.9,497.8,38,71
Central Florida,AAC,2013,13,12,1,441.5,362,55,36
UCLA ,Pac-12,2013,13,10,3,448.5,387.1,63,37
UConn ,AAC,2013,12,3,9,318.6,384.6,31,46
Utah ,Pac-12,2013,12,5,7,396.6,397.7,43,41
Texas-El Paso,C-USA,2013,12,2,10,347.9,468.3,34,62
Vanderbilt ,SEC,2013,13,9,4,366.5,354.8,49,40
Virginia ,ACC,2013,12,2,10,368.4,403.6,27,51
Virginia Tech ,ACC,2013,13,8,5,356,283.6,35,31
Wake Forest ,ACC,2013,12,4,8,290.7,366.2,28,36
Washington ,Pac-12,2013,13,9,4,499.3,388.5,64,37
Washington State,Pac-12,2013,13,6,7,421.4,458,51,52
West Virginia ,Big 12,2013,12,4,8,411,455,38,48
Western Kentucky,Sun Belt,2013,12,8,4,458.5,339.2,47,37
Western Michigan,MAC,2013,12,1,11,327.2,419.2,23,55
Wisconsin ,Big Ten,2013,13,9,4,480.8,305.1,59,25
Akron ,MAC,2014,12,5,7,373.3,371.1,33,35
Alabama ,SEC,2014,14,12,2,484.5,328.4,68,27
Arizona ,Pac-12,2014,14,10,4,463.6,451,61,49
Arizona State ,Pac-12,2014,13,10,3,442.3,417.1,59,46
Arkansas ,SEC,2014,13,7,6,406,323.4,56,33
Arkansas State ,Sun Belt,2014,13,7,6,476.5,421.2,65,54
Army West Point ,FBS Independent,2014,12,4,8,358.8,430.8,40,50
Auburn ,SEC,2014,13,8,5,485,398.8,58,45
Ball State ,MAC,2014,12,5,7,369.3,428.8,37,42
Baylor ,Big 12,2014,13,11,2,581.5,381.8,82,43
Boston College ,ACC,2014,13,7,6,384,324.2,45,34
Bowling Green ,MAC,2014,14,8,6,432.9,493.6,51,62
Buffalo ,MAC,2014,11,5,6,438.2,397.7,49,47
BYU ,FBS Independent,2014,13,8,5,460.5,391.5,63,44
California ,Pac-12,2014,12,5,7,495.2,511.8,61,63
Central Michigan,MAC,2014,13,7,6,398.1,355.5,47,40
Cincinnati ,AAC,2014,13,9,4,460.2,439.1,57,42
Clemson ,ACC,2014,13,10,3,408.3,260.8,48,27
Colorado ,Pac-12,2014,12,2,10,439.2,461,42,60
Duke ,ACC,2014,13,9,4,398.3,399.7,52,34
East Carolina ,AAC,2014,13,8,5,533,367.3,61,41
Eastern Michigan ,MAC,2014,12,2,10,289.6,498.8,23,65
Florida International ,C-USA,2014,12,4,8,293.2,363.8,33,37
Florida Atlantic ,C-USA,2014,12,3,9,363.1,460.8,35,53
Florida ,SEC,2014,12,7,5,367.6,329.8,44,30
Florida State ,ACC,2014,14,13,1,441.4,396.9,56,44
Georgia ,SEC,2014,13,10,3,457.8,337.2,70,36
Georgia State,Sun Belt,2014,12,1,11,375.3,497.1,36,67
Georgia Tech ,ACC,2014,14,11,3,476.5,411.3,72,44
Houston ,AAC,2014,13,8,5,414.1,343.4,49,33
Idaho ,Sun Belt,2014,11,1,10,417.5,462.7,35,54
Illinois ,Big Ten,2014,13,6,7,367.2,456.4,45,56
Indiana ,Big Ten,2014,12,4,8,405,433.8,37,48
Iowa ,Big Ten,2014,13,7,6,400.1,344.2,47,41
Iowa State,Big 12,2014,12,2,10,372.5,528.9,35,58
Kansas ,Big 12,2014,12,3,9,324.1,453.2,27,47
Kansas State ,Big 12,2014,13,9,4,421.6,369.3,57,39
Kent State,MAC,2014,11,2,9,315.5,430.3,22,39
Kentucky ,SEC,2014,12,5,7,384.3,406.9,41,48
Louisiana-Monroe ,Sun Belt,2014,12,4,8,349.4,373.3,26,41
Louisiana ,Sun Belt,2014,13,9,4,417.4,405.8,47,43
Louisiana Tech ,C-USA,2014,14,9,5,400.8,362.5,68,41
Louisville ,ACC,2014,13,9,4,394.7,308.5,51,31
LSU ,SEC,2014,13,8,5,387.5,316.8,46,27
Marshall ,C-USA,2014,14,13,1,559.2,357.1,84,36
Maryland ,Big Ten,2014,13,7,6,342.1,436.2,45,46
UMass,MAC,2014,12,3,9,421.1,447.5,45,51
Memphis ,AAC,2014,13,10,3,427.1,349.5,58,32
Miami ,FL),2014,13,6,7,430.3,329.6,47,40
Miami ,OH),2014,12,2,10,375.3,434.3,35,50
Michigan ,Big Ten,2014,12,5,7,333,311.3,29,31
Michigan State ,Big Ten,2014,13,11,2,500.8,315.8,74,36
Middle Tennessee,C-USA,2014,12,6,6,431.3,452.3,51,48
Minnesota ,Big Ten,2014,13,8,5,357.3,368.2,48,40
Mississippi State ,SEC,2014,13,10,3,513.8,424.4,64,35
Missouri ,SEC,2014,14,11,3,367,346.4,48,36
Navy ,FBS Independent,2014,13,8,5,419.5,403.8,55,45
NC State ,ACC,2014,13,8,5,408.5,373.1,51,44
Nebraska ,Big Ten,2014,13,9,4,452.3,383.7,64,44
New Mexico State ,Sun Belt,2014,12,2,10,420.9,484.4,39,61
North Carolina ,ACC,2014,13,6,7,429.8,497.8,60,67
North Texas ,C-USA,2014,12,4,8,325.9,369.4,40,48
Northern Illinois,MAC,2014,14,11,3,441.2,391.6,56,45
Northwestern ,Big Ten,2014,12,5,7,353.1,384.3,33,39
Notre Dame ,FBS Independent,2014,13,8,5,444.9,404.2,55,49
Ohio ,MAC,2014,12,6,6,370.3,394.3,28,38
Ohio State,Big Ten,2014,15,14,1,511.6,342.4,90,43
Oklahoma ,Big 12,2014,13,8,5,464.7,382.6,62,43
Oklahoma State,Big 12,2014,13,7,6,378.8,432,42,51
Ole Miss ,,2014,13,9,4,419.1,329,49,24
Oregon ,Pac-12,2014,15,13,2,547,429.7,90,43
Oregon State,Pac-12,2014,12,5,7,393.5,406.3,36,47
Penn State,Big Ten,2014,13,7,6,335.3,278.7,28,27
Pittsburgh ,,2014,13,6,7,435.4,359.8,52,45
Purdue ,Big Ten,2014,12,3,9,344.6,416,34,48
Rice ,C-USA,2014,13,8,5,399.2,385.9,48,48
Rutgers ,Big Ten,2014,13,8,5,390,442.8,43,51
SMU ,AAC,2014,12,1,11,269,499.4,15,63
South Alabama ,Sun Belt,2014,13,6,7,376,398.9,34,43
South Carolina ,SEC,2014,13,7,6,443.4,432.7,53,48
South Florida,AAC,2014,12,4,8,304.7,402.8,24,41
USC,Pac-12,2014,13,9,4,457.5,407.9,63,42
Southern Mississippi,C-USA,2014,12,3,9,365,451.4,25,56
Stanford ,Pac-12,2014,13,8,5,388.6,282.4,44,26
Syracuse ,ACC,2014,12,3,9,329.9,349.2,22,33
TCU ,Big 12,2014,13,12,1,533,341.8,77,28
Temple ,AAC,2014,12,6,6,308.4,347.1,33,24
Tennessee ,SEC,2014,13,7,6,370.5,364.6,45,41
Texas ,Big 12,2014,13,6,7,337.3,348.5,34,39
Texas A&M ,SEC,2014,13,8,5,455.4,450.8,60,45
Texas State,Sun Belt,2014,12,7,5,464.4,446.1,53,42
Texas Tech ,Big 12,2014,12,4,8,504.1,512.7,49,63
Toledo ,MAC,2014,13,9,4,490.5,407.9,61,51
Troy ,Sun Belt,2014,12,3,9,363.3,454,33,56
Tulane ,AAC,2014,12,3,9,346.8,387.8,24,41
Tulsa ,AAC,2014,12,2,10,412.5,486.8,37,62
UAB ,C-USA,2014,12,6,6,431.8,406.1,52,49
Central Florida,AAC,2014,13,9,4,363.6,298.5,43,29
UCLA ,Pac-12,2014,13,10,3,467.8,398.5,55,45
UConn ,AAC,2014,12,2,10,276.3,378.6,23,45
Utah ,Pac-12,2014,13,9,4,388.1,393.5,49,40
Texas-El Paso,C-USA,2014,13,7,6,350.7,368.1,44,49
Texas-San Antonio,C-USA,2014,12,4,8,297.5,369.7,22,36
Vanderbilt ,SEC,2014,12,3,9,288.3,402.1,26,50
Virginia ,ACC,2014,12,5,7,374.2,353.2,35,36
Virginia Tech ,ACC,2014,13,7,6,365.3,343.8,36,30
Wake Forest ,ACC,2014,12,3,9,216.3,369.3,19,38
Washington ,Pac-12,2014,14,8,6,388.6,410.6,52,41
Washington State,Pac-12,2014,12,3,9,517.5,442.3,50,59
West Virginia ,Big 12,2014,13,7,6,499.8,399.4,49,42
Western Kentucky,C-USA,2014,13,8,5,534.6,509.9,76,70
Western Michigan,MAC,2014,13,8,5,438.2,371.2,57,40
Wisconsin ,Big Ten,2014,14,11,3,468.9,294.1,61,35
Akron ,MAC,2015,13,8,5,357.1,331.5,38,37
Alabama ,SEC,2015,15,14,1,427.1,276.3,65,26
Appalachian State,Sun Belt,2015,13,11,2,467.3,314.5,62,29
Arizona ,Pac-12,2015,13,7,6,494.9,466.8,62,60
Arizona State ,Pac-12,2015,13,6,7,477.5,463.8,52,55
Arkansas ,SEC,2015,13,8,5,465.5,391.6,62,44
Arkansas State ,Sun Belt,2015,13,9,4,438.5,419.2,69,52
Army West Point ,FBS Independent,2015,12,2,10,338.3,375.6,35,40
Auburn ,SEC,2015,13,7,6,370,405.2,41,39
Ball State ,MAC,2015,12,3,9,371.6,518,33,56
Baylor ,Big 12,2015,13,10,3,616.2,396.5,86,49
Boston College ,ACC,2015,12,3,9,275.6,254.3,27,19
Bowling Green ,MAC,2015,14,10,4,546.8,417.8,82,50
Buffalo ,MAC,2015,12,5,7,386.4,413.4,41,43
BYU ,FBS Independent,2015,13,9,4,424.8,345.7,57,38
California ,Pac-12,2015,13,8,5,529.2,453.7,63,48
Central Michigan,MAC,2015,13,7,6,401.7,332.2,41,37
Cincinnati ,AAC,2015,13,7,6,537.8,408.6,54,51
Clemson ,ACC,2015,15,14,1,514.5,313,71,41
Colorado ,Pac-12,2015,13,4,9,396.8,416.9,38,44
Duke ,ACC,2015,13,8,5,439.4,394.7,47,42
East Carolina ,AAC,2015,12,5,7,414.6,400.9,43,39
Eastern Michigan ,MAC,2015,12,1,11,380,519.3,39,68
Florida International ,C-USA,2015,12,5,7,347.8,406.1,40,47
Florida Atlantic ,C-USA,2015,12,3,9,377.8,405.1,31,44
Florida ,SEC,2015,14,10,4,334,310.2,44,30
Florida State ,ACC,2015,13,10,3,424,336.9,50,26
Georgia Southern ,Sun Belt,2015,13,9,4,426.4,338.1,61,39
Georgia ,SEC,2015,13,10,3,377.2,305.9,41,26
Georgia State,Sun Belt,2015,13,6,7,432.8,405.6,45,44
Georgia Tech ,ACC,2015,12,3,9,378,368,47,38
Houston ,AAC,2015,14,13,1,484.1,383.6,75,36
Idaho ,Sun Belt,2015,12,4,8,428.4,487.7,42,66
Illinois ,Big Ten,2015,12,5,7,372.7,350.8,32,34
Indiana ,Big Ten,2015,13,6,7,504.3,509.5,58,65
Iowa ,Big Ten,2015,14,12,2,386.1,341,56,32
Iowa State,Big 12,2015,12,3,9,408.3,453.4,37,51
Kansas ,Big 12,2015,12,0,12,331.5,560.8,24,72
Kansas State ,Big 12,2015,13,6,7,333.7,452.2,48,52
Kent State,MAC,2015,12,3,9,270.8,350.1,19,40
Kentucky ,SEC,2015,12,5,7,372,394.2,35,41
Louisiana-Monroe ,Sun Belt,2015,13,2,11,310.8,422.8,35,61
Louisiana ,Sun Belt,2015,12,4,8,380.4,420.8,41,49
Louisiana Tech ,C-USA,2015,13,9,4,482.8,375.8,60,42
Louisville ,ACC,2015,13,8,5,416.1,332.8,47,39
LSU ,SEC,2015,12,9,3,437.3,347.2,51,38
Marshall ,C-USA,2015,13,10,3,400.4,360,50,28
Maryland ,Big Ten,2015,12,3,9,375,421.2,38,53
UMass,MAC,2015,12,3,9,399.8,447.8,34,45
Memphis ,AAC,2015,13,9,4,486.9,406.7,64,46
Miami ,FL),2015,13,8,5,396.5,404.8,41,43
Miami ,OH),2015,12,3,9,338.2,404.6,27,48
Michigan ,Big Ten,2015,13,10,3,395.9,280.7,50,24
Michigan State ,Big Ten,2015,14,12,2,385.5,349.9,55,39
Middle Tennessee,C-USA,2015,13,7,6,457.4,405.6,58,44
Minnesota ,Big Ten,2015,13,6,7,358.9,345.9,34,40
Mississippi State ,SEC,2015,13,9,4,460.5,391.2,58,34
Missouri ,SEC,2015,12,5,7,280.9,302,16,22
Navy ,AAC,2015,13,11,2,425.2,364.9,63,36
NC State ,ACC,2015,13,7,6,412.8,350.7,59,43
Nebraska ,Big Ten,2015,13,6,7,446.9,400.4,52,45
New Mexico State ,Sun Belt,2015,12,3,9,433.3,522.3,46,71
North Carolina ,ACC,2015,14,11,3,486.9,435.9,73,44
North Texas ,C-USA,2015,12,1,11,320.1,502.6,22,66
Northern Illinois,MAC,2015,14,8,6,398.5,418.4,57,45
Northwestern ,Big Ten,2015,13,10,3,327.1,318.9,29,30
Notre Dame ,FBS Independent,2015,13,10,3,466.4,372.7,58,40
Ohio ,MAC,2015,13,8,5,413.1,377.7,44,41
Ohio State,Big Ten,2015,13,12,1,434.1,311.3,62,24
Oklahoma ,Big 12,2015,13,11,2,530.2,364.5,73,34
Oklahoma State,Big 12,2015,13,10,3,480,439.1,67,51
Old Dominion ,C-USA,2015,12,5,7,371.3,437.3,37,54
Ole Miss ,SEC,2015,13,10,3,517.8,385.8,68,33
Oregon ,Pac-12,2015,13,9,4,538.2,485.3,71,62
Oregon State,Pac-12,2015,12,2,10,336.4,481.5,28,57
Penn State,Big Ten,2015,13,7,6,348.6,324.5,36,37
Pittsburgh ,ACC,2015,13,8,5,377.5,363.2,46,38
Purdue ,Big Ten,2015,12,2,10,368.6,458.3,41,57
Rice ,C-USA,2015,12,5,7,401.8,447.4,41,59
Rutgers ,Big Ten,2015,12,4,8,377,462,42,55
SMU ,AAC,2015,12,2,10,382.8,502.2,44,75
South Alabama ,Sun Belt,2015,12,5,7,360.2,416,36,58
South Carolina ,SEC,2015,12,3,9,362.2,429.8,29,42
South Florida,AAC,2015,13,8,5,441.6,380.5,56,35
USC,Pac-12,2015,14,8,6,437.9,400.8,63,44
Southern Mississippi,C-USA,2015,14,9,5,509.5,379.5,75,42
Stanford ,Pac-12,2015,14,12,2,435.5,368.3,68,36
Syracuse ,ACC,2015,12,4,8,319.9,438.5,40,46
TCU ,Big 12,2015,13,11,2,562.8,398.4,69,45
Temple ,AAC,2015,14,10,4,366.7,337,49,31
Tennessee ,SEC,2015,13,9,4,422.3,362,56,33
Texas ,Big 12,2015,12,5,7,370.8,452.6,40,46
Texas A&M ,SEC,2015,13,8,5,424.7,380,42,33
Texas State,Sun Belt,2015,12,3,9,416.7,521.8,42,62
Texas Tech ,Big 12,2015,13,7,6,579.5,547.7,77,77
Toledo ,MAC,2015,12,10,2,460.9,374.8,52,28
Troy ,Sun Belt,2015,12,4,8,359.9,391.3,41,43
Tulane ,AAC,2015,12,3,9,317,412.3,30,57
Tulsa ,AAC,2015,13,6,7,507.4,536.6,62,66
Central Florida,AAC,2015,12,0,12,268.4,464.1,18,57
UCLA ,Pac-12,2015,13,8,5,465.9,401.7,51,39
UConn ,AAC,2015,13,6,7,310.3,355.1,25,29
Utah ,Pac-12,2015,13,10,3,363,366.8,47,35
Texas-El Paso,C-USA,2015,12,5,7,342.3,427.8,29,51
Texas-San Antonio,C-USA,2015,12,3,9,362.3,444.1,35,50
Vanderbilt ,SEC,2015,12,4,8,326.5,350.5,21,26
Virginia ,ACC,2015,12,4,8,383,411.5,37,45
Virginia Tech ,ACC,2015,13,7,6,385.1,369.8,48,42
Wake Forest ,ACC,2015,12,3,9,333.4,363.8,25,37
Washington ,Pac-12,2015,13,7,6,403.1,351.8,50,28
Washington State,Pac-12,2015,13,9,4,469.6,416.2,50,45
West Virginia ,Big 12,2015,13,8,5,479.7,396.5,54,36
Western Kentucky,C-USA,2015,14,12,2,526.4,405.2,82,48
Western Michigan,MAC,2015,13,8,5,490.8,413.7,60,49
Wisconsin ,Big Ten,2015,13,10,3,378.6,268.5,42,22
Akron ,MAC,2016,12,5,7,387.4,466,43,50
Alabama ,SEC,2016,15,14,1,455.3,261.8,74,21
Appalachian State,Sun Belt,2016,13,10,3,429.9,329.7,48,28
Arizona ,Pac-12,2016,12,3,9,413.1,469.3,39,62
Arizona State ,Pac-12,2016,12,5,7,390.8,520.5,47,61
Arkansas ,SEC,2016,13,7,6,428.4,426.6,51,54
Arkansas State ,Sun Belt,2016,13,8,5,379.4,362.8,46,31
Army West Point ,FBS Independent,2016,13,8,5,413.9,291.5,54,33
Auburn ,SEC,2016,13,8,5,440.8,361.9,46,23
Ball State ,MAC,2016,12,4,8,449.2,470.3,40,46
Baylor ,Big 12,2016,13,7,6,522.7,430.8,60,48
Boston College ,ACC,2016,13,7,6,292.8,314.2,33,44
Bowling Green ,MAC,2016,12,4,8,406.9,464.3,39,63
Buffalo ,MAC,2016,12,2,10,353.8,434.8,24,49
BYU ,FBS Independent,2016,13,9,4,399.1,365,47,33
California ,Pac-12,2016,12,5,7,513.2,518.3,54,67
Central Michigan,MAC,2016,13,6,7,392,391.9,45,51
Charlotte ,C-USA,2016,12,4,8,369.5,453.3,40,54
Cincinnati ,AAC,2016,12,4,8,374.1,422.8,28,39
Clemson ,ACC,2016,15,14,1,503.7,311.5,78,34
Colorado ,Pac-12,2016,14,10,4,437.1,342.5,55,36
Duke ,ACC,2016,12,4,8,393.3,414.7,39,43
East Carolina ,AAC,2016,12,3,9,467.1,452.8,39,56
Eastern Michigan ,MAC,2016,13,7,6,455.2,432.7,47,52
Florida International ,C-USA,2016,12,4,8,375.3,434.6,36,55
Florida Atlantic ,C-USA,2016,12,3,9,398.3,513.8,41,63
Florida ,SEC,2016,13,9,4,344,293,35,27
Florida State ,ACC,2016,13,10,3,466.4,349.1,57,40
Georgia Southern ,Sun Belt,2016,12,5,7,379.8,396.6,38,39
Georgia ,SEC,2016,13,8,5,384.7,327.5,38,41
Georgia State,Sun Belt,2016,12,3,9,333.9,380.7,31,37
Georgia Tech ,ACC,2016,13,9,4,387.2,401.6,46,40
Houston ,AAC,2016,13,9,4,443.4,319.6,59,37
Idaho ,Sun Belt,2016,13,9,4,397,428.3,46,52
Illinois ,Big Ten,2016,12,3,9,315.1,405.1,28,47
Indiana ,Big Ten,2016,13,6,7,426,380.1,41,42
Iowa ,Big Ten,2016,13,8,5,325,351.2,42,30
Iowa State,Big 12,2016,12,3,9,421.6,452.9,41,48
Kansas ,Big 12,2016,12,2,10,359.5,456.2,29,58
Kansas State ,Big 12,2016,13,9,4,388.8,387.7,54,37
Kent State,MAC,2016,12,3,9,309.2,386.5,29,43
Kentucky ,SEC,2016,13,7,6,420.2,434.2,49,50
Louisiana-Monroe ,Sun Belt,2016,12,4,8,373.3,480.3,36,60
Louisiana ,Sun Belt,2016,13,6,7,357.2,379.1,36,39
Louisiana Tech ,C-USA,2016,14,9,5,514.7,420.9,79,62
Louisville ,ACC,2016,13,9,4,532.7,322.2,71,38
LSU ,SEC,2016,12,8,4,423.1,314.4,44,16
Marshall ,C-USA,2016,12,3,9,350,456,44,55
Maryland ,Big Ten,2016,13,6,7,377.8,427.1,44,52
UMass,FBS Independent,2016,12,2,10,356.2,452.7,37,53
Memphis ,AAC,2016,13,8,5,463.7,454.6,63,49
Miami ,FL),2016,13,9,4,425.9,345.5,55,28
Miami ,OH),2016,13,6,7,366.9,353.2,38,39
Michigan ,Big Ten,2016,13,10,3,424.9,261.8,66,22
Michigan State ,Big Ten,2016,12,3,9,395,364.8,35,42
Middle Tennessee,C-USA,2016,13,8,5,517.7,449.5,67,62
Minnesota ,Big Ten,2016,13,9,4,357.2,348.8,45,35
Mississippi State ,SEC,2016,13,6,7,440.2,459.1,52,53
Missouri ,SEC,2016,12,4,8,500.5,479.7,52,49
Navy ,AAC,2016,14,9,5,438.3,434,73,54
NC State ,ACC,2016,13,7,6,416.4,352.8,47,34
Nebraska ,Big Ten,2016,13,9,4,380.8,363.7,44,40
New Mexico State ,Sun Belt,2016,12,3,9,414.7,496.7,37,60
North Carolina ,ACC,2016,13,8,5,439,408.1,54,40
North Texas ,C-USA,2016,13,5,8,341.8,439.8,42,55
Northern Illinois,MAC,2016,12,5,7,463.8,451.5,48,49
Northwestern ,Big Ten,2016,13,7,6,398.2,404.4,45,34
Notre Dame ,FBS Independent,2016,12,4,8,417.6,378.8,47,44
Ohio ,MAC,2016,14,8,6,392.3,360.2,40,38
Ohio State,Big Ten,2016,13,11,2,459.2,296.8,66,22
Oklahoma ,Big 12,2016,13,11,2,554.8,432,77,46
Oklahoma State,Big 12,2016,13,10,3,494.8,446.3,63,46
Old Dominion ,C-USA,2016,13,10,3,430.8,383.6,60,47
Ole Miss ,SEC,2016,12,5,7,464.3,461.3,47,50
Oregon ,Pac-12,2016,12,4,8,491.7,518.4,58,68
Oregon State,Pac-12,2016,12,4,8,365.5,429.2,40,45
Penn State,Big Ten,2016,14,11,3,432.6,367.9,66,42
Pittsburgh ,ACC,2016,13,8,5,446.8,452.8,72,59
Purdue ,Big Ten,2016,12,3,9,391.1,445.8,38,59
Rice ,C-USA,2016,12,3,9,384.8,504.5,40,58
Rutgers ,Big Ten,2016,12,2,10,283.2,450.7,23,60
SMU ,AAC,2016,12,5,7,427.3,453,40,56
South Alabama ,Sun Belt,2016,13,6,7,389.4,389.8,43,44
South Carolina ,SEC,2016,13,6,7,347.5,411.9,33,44
South Florida,AAC,2016,13,11,2,511.5,482,77,50
USC,Pac-12,2016,13,10,3,477.1,367.2,56,41
Southern Mississippi,C-USA,2016,13,7,6,472.8,324.8,55,50
Stanford ,Pac-12,2016,13,10,3,367.1,368.1,39,33
Syracuse ,ACC,2016,12,4,8,440.8,501.1,40,61
TCU ,Big 12,2016,13,6,7,463.2,424.8,50,43
Temple ,AAC,2016,14,10,4,413.6,282.5,54,33
Tennessee ,SEC,2016,13,9,4,443.7,449.2,63,48
Texas ,Big 12,2016,12,5,7,491.3,448.3,48,47
Texas A&M ,SEC,2016,13,8,5,467,441.8,57,38
Texas State,Sun Belt,2016,12,2,10,302.3,471.1,29,63
Texas Tech ,Big 12,2016,12,5,7,564.5,554.3,70,68
Toledo ,MAC,2016,13,9,4,517.8,396.5,65,41
Troy ,Sun Belt,2016,13,10,3,429.6,366.5,55,36
Tulane ,AAC,2016,12,4,8,341.4,364.5,37,42
Tulsa ,AAC,2016,13,10,3,527,426.5,70,48
Central Florida,AAC,2016,13,6,7,350.8,370.3,46,40
UCLA ,Pac-12,2016,12,4,8,379.8,382,37,37
UConn ,AAC,2016,12,3,9,320,410.8,20,43
Utah ,Pac-12,2016,13,9,4,430.7,383,46,39
Texas-El Paso,C-USA,2016,12,4,8,369.2,419.3,43,53
Texas-San Antonio,C-USA,2016,13,6,7,375.5,392,49,46
Vanderbilt ,SEC,2016,13,6,7,355.7,408.2,36,37
Virginia ,ACC,2016,12,2,10,352.9,446.6,37,51
Virginia Tech ,ACC,2016,14,10,4,444.9,340.7,61,41
Wake Forest ,ACC,2016,13,7,6,311.5,370.5,29,37
Washington ,Pac-12,2016,14,12,2,456.9,316.9,77,30
Washington State,Pac-12,2016,13,8,5,482.5,405.9,67,45
West Virginia ,Big 12,2016,13,10,3,485.5,425.9,51,37
Western Kentucky,C-USA,2016,14,11,3,523.1,376.6,82,43
Western Michigan,MAC,2016,14,13,1,481.2,353.6,75,35
Wisconsin ,Big Ten,2016,14,11,3,382.1,301.4,48,24
Air Force ,MWC,2017,12,5,7,417.5,393.9,50,49
Akron ,MAC,2017,14,7,7,316,442.9,42,49
Alabama ,SEC,2017,14,13,1,444.1,260.4,66,18
Appalachian State,Sun Belt,2017,13,9,4,439.8,342.5,55,30
Arizona ,Pac-12,2017,13,7,6,489.5,471.2,71,59
Arizona State ,Pac-12,2017,13,7,6,430.8,449.7,51,54
Arkansas ,SEC,2017,12,4,8,373.4,438.3,46,56
Arkansas State ,Sun Belt,2017,12,7,5,494.8,377.5,59,40
Army West Point ,FBS Independent,2017,13,10,3,390.1,349.7,56,39
Auburn ,SEC,2017,14,10,4,451.6,319.4,58,31
Ball State ,MAC,2017,12,2,10,335.2,421.6,27,65
Baylor ,Big 12,2017,12,1,11,404.9,456.9,33,52
Boise State,MWC,2017,14,11,3,406.1,332.6,57,42
Boston College ,ACC,2017,13,7,6,386.7,382.8,43,37
Bowling Green ,MAC,2017,12,2,10,386.7,506.6,36,61
Buffalo ,MAC,2017,12,6,6,431.9,398.2,43,39
BYU ,FBS Independent,2017,13,4,9,325.2,372.8,26,37
California ,Pac-12,2017,12,5,7,384.5,429.9,39,40
Central Michigan,MAC,2017,13,8,5,389.8,370.8,50,44
Charlotte ,C-USA,2017,12,1,11,303.2,454.6,23,51
Cincinnati ,AAC,2017,12,4,8,351.8,428.5,32,46
Clemson ,ACC,2017,14,12,2,429.6,276.7,62,22
Colorado ,Pac-12,2017,12,5,7,417.6,450.6,38,42
Colorado State,MWC,2017,13,7,6,492.5,431.6,56,46
Duke ,ACC,2017,13,7,6,384.8,332.6,42,34
East Carolina ,AAC,2017,12,3,9,425.6,541.7,36,73
Eastern Michigan ,MAC,2017,12,5,7,386.9,363.6,39,35
Florida International ,C-USA,2017,13,8,5,392.3,414.9,41,47
Florida Atlantic ,C-USA,2017,14,11,3,498.4,389.6,75,40
Florida ,SEC,2017,11,4,7,335.9,349.3,28,36
Florida State ,ACC,2017,13,7,6,351.9,331.1,44,34
Fresno State,MWC,2017,14,10,4,392.9,320.6,43,30
Georgia Southern ,Sun Belt,2017,12,2,10,332.3,410.4,29,52
Georgia ,SEC,2017,15,13,2,435.3,294.9,67,28
Georgia State,Sun Belt,2017,12,7,5,388,387.8,30,38
Georgia Tech ,ACC,2017,11,5,6,391.6,354.3,42,35
Hawaii ,MWC,2017,12,3,9,402.7,458.8,37,55
Houston ,AAC,2017,12,7,5,428.2,422.2,43,32
Idaho ,Sun Belt,2017,12,4,8,349.5,390.4,31,36
Illinois ,Big Ten,2017,12,2,10,280.4,418.4,21,50
Indiana ,Big Ten,2017,12,5,7,395.8,340.1,39,39
Iowa ,Big Ten,2017,13,8,5,329.5,357.5,48,30
Iowa State,Big 12,2017,13,8,5,386,366.2,47,34
Kansas ,Big 12,2017,12,1,11,329,468.3,25,68
Kansas State ,Big 12,2017,13,8,5,372.5,426.8,51,40
Kent State,MAC,2017,12,2,10,275.2,408.3,18,56
Kentucky ,SEC,2017,13,7,6,349.8,426.9,38,46
Louisiana-Monroe ,Sun Belt,2017,12,4,8,458,532.1,54,67
Louisiana ,Sun Belt,2017,12,5,7,398.5,492.7,45,64
Louisiana Tech ,C-USA,2017,13,7,6,403,385.5,46,41
Louisville ,ACC,2017,13,8,5,544.9,388.1,64,47
LSU ,SEC,2017,13,9,4,411.1,316,44,27
Marshall ,C-USA,2017,13,8,5,379.8,341.7,45,32
Maryland ,Big Ten,2017,12,4,8,323.3,419.4,38,59
UMass,FBS Independent,2017,12,4,8,432.8,404.9,47,47
Memphis ,AAC,2017,13,10,3,532.1,466.2,79,56
Miami ,FL),2017,13,10,3,403.3,362.8,47,30
Miami ,OH),2017,12,5,7,383.6,367.6,37,37
Michigan ,Big Ten,2017,13,8,5,348.9,271,39,30
Michigan State ,Big Ten,2017,13,10,3,383.1,297.6,39,31
Middle Tennessee,C-USA,2017,13,7,6,393.4,357.3,41,39
Minnesota ,Big Ten,2017,12,5,7,308.5,346.7,32,36
Mississippi State ,SEC,2017,13,9,4,418.6,306.3,53,34
Missouri ,SEC,2017,13,7,6,502.2,414.1,63,50
Navy ,AAC,2017,13,7,6,428.7,370.3,52,43
NC State ,ACC,2017,13,9,4,451.8,384.2,56,40
Nebraska ,Big Ten,2017,12,4,8,385,436.2,39,58
Nevada ,MWC,2017,12,3,9,397.6,471.3,45,51
New Mexico ,MWC,2017,12,3,9,359.5,398,31,50
New Mexico State ,Independent,2017,13,7,6,446.9,400.8,50,50
North Carolina ,ACC,2017,12,3,9,369.6,436.1,41,48
North Texas ,C-USA,2017,14,9,5,455.1,431.4,63,63
Northern Illinois,MAC,2017,13,8,5,377.8,338.5,50,33
Northwestern ,Big Ten,2017,13,10,3,408,357.2,49,33
Notre Dame ,FBS Independent,2017,13,10,3,448.2,369.2,57,34
Ohio ,MAC,2017,13,9,4,433.1,371.6,66,38
Ohio State,Big Ten,2017,14,12,2,506,300.9,75,35
Oklahoma ,Big 12,2017,14,12,2,579.6,394.9,83,47
Oklahoma State,Big 12,2017,13,10,3,568.9,409.3,74,48
Old Dominion ,C-USA,2017,12,5,7,332.3,427.7,29,51
Ole Miss ,SEC,2017,12,6,6,462.3,459.5,48,51
Oregon ,Pac-12,2017,13,7,6,440.9,369.2,63,47
Oregon State,Pac-12,2017,12,1,11,333.8,473.1,30,67
Penn State,Big Ten,2017,13,11,2,460.3,329.5,72,27
Pittsburgh ,ACC,2017,12,5,7,366.2,396.6,36,41
Purdue ,Big Ten,2017,13,7,6,403.1,375.5,40,32
Rice ,C-USA,2017,12,1,11,331.8,425.8,27,55
Rutgers ,Big Ten,2017,12,4,8,262.7,398.6,28,41
San Diego State,MWC,2017,13,10,3,400.2,314.5,52,34
San Jose State,MWC,2017,13,2,11,318.1,499.3,24,70
SMU ,AAC,2017,13,7,6,478.5,476.7,64,62
South Alabama ,Sun Belt,2017,12,4,8,334.3,417.8,27,38
South Carolina ,SEC,2017,13,9,4,337.1,367.1,39,30
South Florida,AAC,2017,12,10,2,513,359.8,57,37
USC,Pac-12,2017,14,11,3,484.1,395.6,60,46
Southern Mississippi,C-USA,2017,13,8,5,424.6,331.9,47,40
Stanford ,Pac-12,2017,14,9,5,388.6,405.1,56,39
Syracuse ,ACC,2017,12,4,8,456.3,444,37,49
TCU ,Big 12,2017,14,11,3,419.2,331.4,62,32
Temple ,AAC,2017,13,7,6,388.2,381.5,39,40
Tennessee ,SEC,2017,12,4,8,291.1,412.9,28,45
Texas ,Big 12,2017,13,7,6,398.5,365.6,50,33
Texas A&M ,SEC,2017,13,7,6,406.8,408.5,53,51
Texas State,Sun Belt,2017,12,2,10,339.8,438.9,26,48
Texas Tech ,Big 12,2017,13,6,7,474.6,443.8,59,52
Toledo ,MAC,2017,14,11,3,483.9,385,62,48
Troy ,Sun Belt,2017,13,11,2,418.6,337,54,30
Tulane ,AAC,2017,12,5,7,391.5,436.1,44,47
Tulsa ,AAC,2017,12,2,10,420.3,528.9,45,58
UAB ,C-USA,2017,13,8,5,363.7,365.6,46,39
Central Florida,AAC,2017,13,13,0,530.5,427.9,84,43
UCLA ,Pac-12,2017,13,6,7,457.8,483.7,53,58
UConn ,AAC,2017,12,3,9,415.2,519,36,61
UNLV ,MWC,2017,12,5,7,427.1,458.7,40,49
Utah ,Pac-12,2017,13,7,6,413.4,338.4,42,33
Utah State,MWC,2017,13,6,7,397.4,398.8,48,43
Texas-El Paso,C-USA,2017,12,0,12,230.5,446.6,19,60
Texas-San Antonio,C-USA,2017,11,6,5,387.4,287.8,29,24
Vanderbilt ,SEC,2017,12,5,7,350.8,393.1,41,48
Virginia ,ACC,2017,13,6,7,342.2,365.1,38,49
Virginia Tech ,ACC,2017,13,9,4,412.8,319.3,45,24
Wake Forest ,ACC,2017,13,8,5,465.8,457.3,57,45
Washington ,Pac-12,2017,13,10,3,405.5,298,62,24
Washington State,Pac-12,2017,13,9,4,434.8,323.3,48,41
West Virginia ,Big 12,2017,13,7,6,459.6,445.5,59,50
Western Kentucky,C-USA,2017,13,6,7,395.8,377.2,43,42
Western Michigan,MAC,2017,12,6,6,389.6,378.5,52,47
Wisconsin ,Big Ten,2017,14,13,1,415,262.1,60,21
Wyoming ,MWC,2017,13,8,5,286,335.2,37,27
Air Force ,MWC,2018,12,5,7,414.8,360.9,47,42
Akron ,MAC,2018,12,4,8,294.4,388.1,26,41
Alabama ,SEC,2018,15,14,1,522,319.5,92,35
Appalachian State,Sun Belt,2018,13,11,2,431,288,64,21
Arizona ,Pac-12,2018,12,5,7,457.7,432,46,52
Arizona State ,Pac-12,2018,13,7,6,416.7,404.4,48,40
Arkansas ,SEC,2018,12,2,10,335.7,413.2,29,53
Arkansas State ,Sun Belt,2018,13,8,5,466.2,369.5,50,45
Army West Point ,FBS Independent,2018,13,11,2,392.5,295.5,57,30
Auburn ,SEC,2018,13,8,5,389.9,355.4,51,26
Ball State ,MAC,2018,12,4,8,408.6,450.3,37,51
Baylor ,Big 12,2018,13,7,6,459.1,425.5,49,51
Boise State,MWC,2018,13,10,3,459.5,355.9,61,35
Boston College ,ACC,2018,12,7,5,404.3,402.8,53,41
Bowling Green ,MAC,2018,12,3,9,355.3,448.1,39,66
Buffalo ,MAC,2018,14,10,4,414.5,355.4,66,48
BYU ,FBS Independent,2018,13,7,6,364.9,324.1,46,37
California ,Pac-12,2018,13,7,6,343.5,317.2,35,32
Central Michigan,MAC,2018,12,1,11,254.7,355.3,21,42
Charlotte ,C-USA,2018,12,5,7,343.1,337.3,30,42
Cincinnati ,AAC,2018,13,11,2,458.5,303.5,63,28
Clemson ,ACC,2018,15,15,0,527.2,285.9,90,23
Coastal Carolina,Sun Belt,2018,12,5,7,379.3,450.8,41,53
Colorado ,Pac-12,2018,12,5,7,392.6,380.3,42,39
Colorado State,MWC,2018,12,3,9,410.5,451.9,35,56
Duke ,ACC,2018,13,8,5,405.7,408.8,51,48
East Carolina ,AAC,2018,12,3,9,414.4,439.8,31,58
Eastern Michigan ,MAC,2018,13,7,6,372.1,353.8,45,34
Florida International ,C-USA,2018,13,9,4,421.5,386.3,58,42
Florida Atlantic ,C-USA,2018,12,5,7,478.8,427.4,50,52
Florida ,SEC,2018,13,10,3,426.7,343.3,57,30
Florida State ,ACC,2018,12,5,7,361.2,416.3,33,47
Fresno State,MWC,2018,14,12,2,421.5,321.6,64,23
Georgia Southern ,Sun Belt,2018,13,10,3,345.2,357.1,48,35
Georgia ,SEC,2018,14,11,3,464.9,314.3,68,32
Georgia State,Sun Belt,2018,12,2,10,378.2,489.5,38,58
Georgia Tech ,ACC,2018,13,7,6,408.8,369.6,58,50
Hawaii ,MWC,2018,14,8,6,419.9,439.7,55,65
Houston ,AAC,2018,13,8,5,512.5,496.5,78,62
Illinois ,Big Ten,2018,12,4,8,408.7,508.3,36,64
Indiana ,Big Ten,2018,12,5,7,415.2,423.8,39,45
Iowa ,Big Ten,2018,13,9,4,375,293.6,50,28
Iowa State,Big 12,2018,13,8,5,371,349.2,42,37
Kansas ,Big 12,2018,12,3,9,350.8,418.5,35,46
Kansas State ,Big 12,2018,12,5,7,344.7,403.4,32,37
Kent State,MAC,2018,12,2,10,383.6,467.3,35,60
Kentucky ,SEC,2018,13,10,3,360.8,337.9,46,27
Louisiana-Monroe ,Sun Belt,2018,12,6,6,414.8,429.8,42,49
Louisiana ,Sun Belt,2018,14,7,7,424.3,435.9,58,62
Louisiana Tech ,C-USA,2018,13,8,5,382.1,341.3,39,39
Louisville ,ACC,2018,12,2,10,352.6,483.5,30,71
LSU ,SEC,2018,13,10,3,402.1,338.7,48,35
Marshall ,C-USA,2018,13,9,4,393.6,338.7,46,33
Maryland ,Big Ten,2018,12,5,7,371.4,390.4,44,42
UMass,FBS Independent,2018,12,4,8,437.6,484.8,52,68
Memphis ,AAC,2018,14,8,6,523.1,428.1,80,59
Miami ,FL),2018,13,7,6,358.8,278.9,50,28
Miami ,OH),2018,12,6,6,372,368.2,44,42
Michigan ,Big Ten,2018,13,10,3,419.5,275.2,56,32
Michigan State ,Big Ten,2018,13,7,6,342.1,303.2,27,24
Middle Tennessee,C-USA,2018,14,8,6,393.4,377.9,49,47
Minnesota ,Big Ten,2018,13,7,6,379.6,385.8,46,42
Mississippi State ,SEC,2018,13,8,5,397.4,263.1,48,15
Missouri ,SEC,2018,13,8,5,481.8,388.5,58,39
Navy ,AAC,2018,13,3,10,348.9,426.4,42,60
NC State ,ACC,2018,13,9,4,456.1,392.6,53,39
Nebraska ,Big Ten,2018,12,4,8,456.2,433.5,45,47
Nevada ,MWC,2018,13,8,5,430.8,387.5,52,46
New Mexico ,MWC,2018,12,3,9,330.4,473,43,56
New Mexico State ,FBS Independent,2018,12,3,9,370.5,475.9,38,63
North Carolina ,ACC,2018,11,2,9,442.1,447.6,35,49
North Texas ,C-USA,2018,13,9,4,460.5,374.6,57,38
Northern Illinois,MAC,2018,14,8,6,322.3,357,35,35
Northwestern ,Big Ten,2018,14,9,5,354.4,390.9,44,38
Notre Dame ,FBS Independent,2018,13,12,1,440.1,347.4,51,28
Ohio ,MAC,2018,13,9,4,466.8,390.9,69,42
Ohio State,Big Ten,2018,14,13,1,535.6,403.4,79,46
Oklahoma ,Big 12,2018,14,12,2,570.3,453.8,89,62
Oklahoma State,Big 12,2018,13,7,6,500.2,452.5,65,55
Old Dominion ,C-USA,2018,12,4,8,427.8,471.4,47,59
Ole Miss ,SEC,2018,12,5,7,510.5,483.4,49,54
Oregon ,Pac-12,2018,13,9,4,427.2,385.9,62,38
Oregon State,Pac-12,2018,12,2,10,404.8,536.8,40,76
Penn State,Big Ten,2018,13,9,4,423,350.5,56,34
Pittsburgh ,ACC,2018,14,7,7,369.7,387.6,46,50
Purdue ,Big Ten,2018,13,6,7,443.9,452.6,49,49
Rice ,C-USA,2018,13,2,11,318.4,446.1,28,62
Rutgers ,Big Ten,2018,12,1,11,266.3,401.5,19,49
San Diego State,MWC,2018,13,7,6,348.8,334.6,31,35
San Jose State,MWC,2018,12,1,11,323.7,495.1,31,57
SMU ,AAC,2018,12,5,7,387.2,429.8,47,54
South Alabama ,Sun Belt,2018,12,3,9,355.3,448.7,38,61
South Carolina ,SEC,2018,13,7,6,425.6,424.3,50,42
South Florida,AAC,2018,13,7,6,437.7,446.6,46,53
USC,Pac-12,2018,12,5,7,382.6,388,39,42
Southern Mississippi,C-USA,2018,11,6,5,367.6,278.4,34,27
Stanford ,Pac-12,2018,13,9,4,381,410.1,46,33
Syracuse ,ACC,2018,13,10,3,464.8,426.5,62,42
TCU ,Big 12,2018,13,7,6,368.1,338.2,38,38
Temple ,AAC,2018,13,8,5,409.5,372.5,60,47
Tennessee ,SEC,2018,12,5,7,325.5,377.4,35,42
Texas ,Big 12,2018,14,10,4,411.3,392.8,54,44
Texas A&M ,SEC,2018,13,9,4,471.6,348.4,57,43
Texas State,Sun Belt,2018,12,3,9,330.3,383.9,32,39
Texas Tech ,Big 12,2018,12,5,7,485.2,448.9,57,47
Toledo ,MAC,2018,13,7,6,443.8,432.3,69,54
Troy ,Sun Belt,2018,13,10,3,389.4,347.9,49,38
Tulane ,AAC,2018,13,7,6,401.1,406.8,45,46
Tulsa ,AAC,2018,12,3,9,377.6,407.7,36,43
UAB ,C-USA,2018,14,11,3,405.7,299.2,53,28
Central Florida,AAC,2018,13,12,1,522.7,433.7,75,35
UCLA ,Pac-12,2018,12,3,9,392.6,444.9,36,52
UConn ,AAC,2018,12,1,11,378.4,617.4,36,81
UNLV ,MWC,2018,12,4,8,391.2,454.2,47,55
Utah ,Pac-12,2018,14,9,5,395.8,315.6,45,35
Utah State,MWC,2018,13,11,2,497.4,379.5,79,33
Texas-El Paso,C-USA,2018,12,1,11,307.7,394.7,27,49
Texas-San Antonio,C-USA,2018,12,3,9,247.1,435.5,18,47
Vanderbilt ,SEC,2018,13,6,7,411.2,438.9,47,41
Virginia ,ACC,2018,13,8,5,384.8,330.5,46,30
Virginia Tech ,ACC,2018,13,6,7,428.2,438.7,50,53
Wake Forest ,ACC,2018,13,7,6,449.8,458.6,53,59
Washington ,Pac-12,2018,14,10,4,414.6,306.2,46,26
Washington State,Pac-12,2018,13,11,2,451.5,359.5,66,38
West Virginia ,Big 12,2018,12,8,4,512.3,406.3,62,41
Western Kentucky,C-USA,2018,12,3,9,363.7,421.6,32,37
Western Michigan,MAC,2018,13,7,6,436.8,386.6,55,60
Wisconsin ,Big Ten,2018,13,8,5,431.1,344.2,51,33
Wyoming ,MWC,2018,12,6,6,330.8,326.2,28,33
Air Force ,Mountain West,2019,13,11,2,421.8,319.6,58,34
Akron ,MAC,2019,12,0,12,243.2,413.9,15,56
Alabama ,SEC,2019,13,11,2,510.8,324.4,83,26
Appalachian State,Sun Belt,2019,14,13,1,433.1,336.1,73,35
Arizona ,Pac-12,2019,12,4,8,440.1,471.4,42,54
Arizona State ,Pac-12,2019,13,8,5,372.1,393.3,36,39
Arkansas ,SEC,2019,12,2,10,340.1,450.7,31,57
Arkansas State ,Sun Belt,2019,13,8,5,439.3,478.3,54,56
Army West Point ,FBS Independent,2019,13,5,8,379.2,342.3,52,38
Auburn ,SEC,2019,13,9,4,406.5,337,54,32
Ball State ,MAC,2019,12,5,7,463,424.7,53,47
Baylor ,Big 12,2019,14,11,3,421.5,360.4,61,32
Boise State,Mountain West,2019,14,12,2,429,346.3,63,39
Boston College ,ACC,2019,13,6,7,429.2,478.7,49,49
Bowling Green ,MAC,2019,12,3,9,319.1,467.2,25,62
Buffalo ,MAC,2019,13,8,5,388.5,291.9,54,35
BYU ,FBS Independent,2019,13,7,6,443.8,393.5,46,40
California ,Pac-12,2019,13,8,5,328.5,390.5,35,32
Central Michigan,MAC,2019,14,8,6,433.6,363,55,49
Charlotte ,C-USA,2019,13,7,6,414.5,380.9,52,56
Cincinnati ,AAC,2019,14,11,3,390.3,361.4,52,34
Clemson ,ACC,2019,15,14,1,528.7,288.3,88,24
Coastal Carolina ,Sun Belt,2019,12,5,7,393.8,383.6,46,50
Colorado ,Pac-12,2019,12,5,7,388.5,441.9,33,50
Colorado State,Mountain West,2019,12,4,8,437.4,377.4,42,47
Duke ,ACC,2019,12,5,7,329.7,379.6,37,43
East Carolina ,AAC,2019,12,4,8,430.2,469.3,36,53
Eastern Michigan ,MAC,2019,13,6,7,405.5,430.5,49,52
Florida International ,C-USA,2019,13,6,7,377.1,393.6,40,43
Florida Atlantic ,C-USA,2019,14,11,3,448.6,374.2,65,41
Florida ,SEC,2019,13,11,2,430.5,304.8,55,23
Florida State ,ACC,2019,13,6,7,408.3,424.2,49,40
Fresno State,Mountain West,2019,12,4,8,386,419.8,46,46
Georgia Southern ,Sun Belt,2019,13,7,6,327.7,379.2,44,47
Georgia ,SEC,2019,14,12,2,408.1,275.7,50,20
Georgia State,Sun Belt,2019,13,7,6,439.8,455.5,53,62
Georgia Tech ,ACC,2019,12,3,9,286.3,422.9,27,49
Hawaii ,Mountain West,2019,15,10,5,471,431.3,68,61
Houston ,AAC,2019,12,4,8,391.5,467.5,44,54
Illinois ,Big Ten,2019,13,6,7,329.5,408.5,44,41
Indiana ,Big Ten,2019,13,8,5,432.8,352.2,51,39
Iowa ,Big Ten,2019,13,10,3,366.5,308.2,36,21
Iowa State,Big 12,2019,13,7,6,444.3,369.3,53,39
Kansas ,Big 12,2019,12,3,9,377.3,475.2,36,56
Kansas State ,Big 12,2019,13,8,5,358.9,368.4,47,31
Kent State,MAC,2019,13,7,6,405.6,473.5,42,52
Kentucky ,SEC,2019,13,8,5,392.5,324.6,47,32
Louisiana-Monroe ,Sun Belt,2019,12,5,7,460.9,483.5,51,61
Liberty ,FBS Independent,2019,13,8,5,439.4,409.2,56,46
Louisiana ,Sun Belt,2019,14,11,3,494.1,371.8,69,33
Louisiana Tech ,C-USA,2019,13,10,3,436.8,377.7,54,35
Louisville ,ACC,2019,13,8,5,447.3,439.9,58,58
LSU ,SEC,2019,15,15,0,568.4,343.5,95,42
Marshall ,C-USA,2019,13,8,5,393.8,379.6,40,41
Maryland ,Big Ten,2019,12,3,9,343.4,449.2,42,53
UMass,FBS Independent,2019,12,1,11,293.1,561.2,31,86
Memphis ,AAC,2019,14,12,2,485.1,383.5,71,45
Miami ,FL),2019,13,6,7,367.2,309.8,43,30
Miami ,OH),2019,14,8,6,309.1,381.9,37,52
Michigan ,Big Ten,2019,13,9,4,401.5,307.2,52,37
Michigan State ,Big Ten,2019,13,7,6,371.9,321.6,32,37
Middle Tennessee,C-USA,2019,12,4,8,408.3,459.3,41,43
Minnesota ,Big Ten,2019,13,11,2,432,306.6,59,37
Mississippi State ,SEC,2019,13,6,7,400.1,399.2,48,49
Missouri ,SEC,2019,12,6,6,374.3,312,37,28
Navy ,AAC,2019,13,11,2,455.8,314.2,64,36
NC State ,ACC,2019,12,4,8,380.3,398.9,29,46
Nebraska ,Big Ten,2019,12,5,7,415.8,388.8,43,41
Nevada ,Mountain West,2019,13,7,6,365.3,400.1,31,52
New Mexico ,Mountain West,2019,12,2,10,400.3,485.7,34,59
New Mexico State ,FBS Independent,2019,12,2,10,361.1,479.9,33,61
North Carolina ,ACC,2019,13,7,6,474,373.2,53,38
North Texas ,C-USA,2019,12,4,8,418.6,410.9,46,50
Northern Illinois,MAC,2019,12,5,7,358.7,386.5,33,43
Northwestern ,Big Ten,2019,12,3,9,297.1,335.7,24,34
Notre Dame ,FBS Independent,2019,13,11,2,431.4,321.6,61,26
Ohio ,MAC,2019,13,7,6,442.2,403.7,57,43
Ohio State,Big Ten,2019,14,13,1,529.9,259.7,88,23
Oklahoma ,Big 12,2019,14,12,2,537.6,356.4,76,48
Oklahoma State,Big 12,2019,13,8,5,453.9,412.3,52,43
Old Dominion ,C-USA,2019,12,1,11,273.8,371.1,21,45
Ole Miss ,SEC,2019,12,4,8,445.3,416.8,41,39
Oregon ,Pac-12,2019,14,12,2,433.1,329.1,67,24
Oregon State,Pac-12,2019,12,5,7,411.8,445.7,52,52
Penn State,Big Ten,2019,13,11,2,411.9,346.5,61,23
Pittsburgh ,ACC,2019,13,8,5,380.5,312.9,30,33
Purdue ,Big Ten,2019,12,4,8,393.2,436.3,39,46
Rice ,C-USA,2019,12,3,9,294.2,380.3,27,40
Rutgers ,Big Ten,2019,12,2,10,273.1,433.6,18,59
San Diego State,Mountain West,2019,13,10,3,343.2,287.8,30,19
San Jose State,Mountain West,2019,12,5,7,427.4,443.8,43,49
SMU ,AAC,2019,13,10,3,489.8,445,73,53
South Alabama ,Sun Belt,2019,12,2,10,330.3,408.8,29,44
South Carolina ,SEC,2019,12,4,8,371.9,393.3,31,37
South Florida,AAC,2019,12,4,8,330.8,398.1,33,45
USC,Pac-12,2019,13,8,5,455.4,408.7,54,47
Southern Mississippi,C-USA,2019,13,7,6,407,352.5,42,44
Stanford ,Pac-12,2019,12,4,8,367.9,430.3,29,45
Syracuse ,ACC,2019,12,5,7,394.6,464.1,41,47
TCU ,Big 12,2019,12,5,7,407.7,336.9,41,39
Temple ,AAC,2019,13,8,5,392,377.8,45,43
Tennessee ,SEC,2019,13,8,5,365.5,334.5,35,34
Texas ,Big 12,2019,13,8,5,465.8,431.5,59,42
Texas A&M ,SEC,2019,13,8,5,394.5,340.2,47,35
Texas State,Sun Belt,2019,12,3,9,317.8,417.1,26,51
Texas Tech ,Big 12,2019,12,4,8,474.3,480.3,44,46
Toledo ,MAC,2019,12,6,6,434.1,475.7,42,50
Troy ,Sun Belt,2019,12,5,7,456.3,434.2,52,53
Tulane ,AAC,2019,13,7,6,449.3,377,56,43
Tulsa ,AAC,2019,12,4,8,419.7,394.8,39,48
UAB ,C-USA,2019,14,9,5,351.9,301.9,38,38
Central Florida,AAC,2019,13,10,3,540.5,346.1,74,36
UCLA ,Pac-12,2019,12,4,8,405.7,456.3,42,55
UConn ,AAC,2019,12,2,10,344.7,466.8,28,67
UNLV ,Mountain West,2019,12,4,8,374.3,442.3,37,49
Utah ,Pac-12,2019,14,11,3,429,269.2,60,25
Utah State,Mountain West,2019,13,7,6,431.3,440.5,45,53
Texas-El Paso,C-USA,2019,12,1,11,329.2,430.8,29,54
Texas-San Antonio,C-USA,2019,12,4,8,344.9,429.1,31,51
Vanderbilt ,SEC,2019,12,3,9,299.3,436.6,24,50
Virginia ,ACC,2019,14,9,5,388.9,371.9,56,48
Virginia Tech ,ACC,2019,13,8,5,385.2,363.3,49,41
Wake Forest ,ACC,2019,13,8,5,464,416.5,49,47
Washington ,Pac-12,2019,13,8,5,391.2,348.6,51,30
Washington State,Pac-12,2019,13,6,7,505.2,452.5,62,53
West Virginia ,Big 12,2019,12,5,7,321.9,399.3,30,43
Western Kentucky,C-USA,2019,13,9,4,387.8,335.5,40,32
Western Michigan,MAC,2019,13,7,6,445.7,419.7,58,40
Wisconsin ,Big Ten,2019,14,10,4,433.2,287.1,62,30
Wyoming ,Mountain West,2019,13,8,5,350.9,363.8,41,25
Air Force ,Mountain West,2020,6,3,3,389.3,303.3,19,12
Akron ,MAC,2020,6,1,5,281.2,459.8,13,34
Alabama ,SEC,2020,11,11,0,543.9,351.2,73,25
Appalachian State ,Sun Belt,2020,12,9,3,452,328.8,52,30
Arizona ,Pac-12,2020,5,0,5,369.4,473,10,26
Arizona State ,Pac-12,2020,4,2,2,458.5,435.8,22,13
Arkansas ,SEC,2020,10,3,7,391.5,451.7,34,43
Arkansas State ,Sun Belt,2020,11,4,7,489.7,470.1,47,53
Army West Point ,FBS Independent,2020,11,9,2,324.9,271.1,40,20
Auburn ,SEC,2020,10,6,4,385,400.9,29,31
Ball State ,MAC,2020,7,6,1,453.7,441.7,30,25
Baylor ,Big 12,2020,9,2,7,310.2,383.4,26,33
Boise State,Mountain West,2020,7,5,2,349,373.3,31,23
Boston College ,ACC,2020,11,6,5,385.9,416.8,36,39
Bowling Green ,MAC,2020,5,0,5,326.4,475.8,6,30
Buffalo ,MAC,2020,7,6,1,478.4,359,43,19
BYU ,FBS Independent,2020,12,11,1,522.2,317.4,69,23
California ,Pac-12,2020,4,1,3,319.5,367,10,14
Central Michigan,MAC,2020,6,3,3,420.3,427.7,23,23
Charlotte ,C-USA,2020,6,2,4,377.7,419.5,22,26
Cincinnati ,AAC,2020,9,9,0,467.2,314.4,48,16
Clemson ,ACC,2020,11,10,1,507.6,298.5,63,23
Coastal Carolina ,Sun Belt,2020,11,11,0,446.8,340.7,56,25
Colorado ,Pac-12,2020,5,4,1,421,376.8,19,15
Colorado State,Mountain West,2020,4,1,3,323.5,358.8,11,18
Duke ,ACC,2020,11,2,9,379.4,444.8,33,56
East Carolina ,AAC,2020,9,3,6,402.7,447.3,33,42
Eastern Michigan ,MAC,2020,6,2,4,400.3,490.2,24,27
Florida International ,C-USA,2020,5,0,5,280.8,422.8,15,19
Florida Atlantic ,C-USA,2020,9,5,4,324.6,342.2,21,17
Florida ,SEC,2020,11,8,3,508.8,404.7,58,41
Florida State ,ACC,2020,9,3,6,396.7,456.3,30,43
Fresno State,Mountain West,2020,6,3,3,479.3,430,26,23
Georgia Southern ,Sun Belt,2020,13,8,5,371.2,325.7,43,33
Georgia ,SEC,2020,9,7,2,421.3,322.8,38,21
Georgia State,Sun Belt,2020,9,5,4,417.7,424.3,37,40
Georgia Tech ,ACC,2020,10,3,7,389.9,459.3,34,46
Hawaii ,Mountain West,2020,9,5,4,383.9,408.8,30,31
Houston ,AAC,2020,8,3,5,408.9,398.5,31,33
Illinois ,Big Ten,2020,8,2,6,349,469.1,20,37
Indiana ,Big Ten,2020,7,6,1,358.1,361.7,26,18
Iowa ,Big Ten,2020,8,6,2,368.6,313.8,30,17
Iowa State,Big 12,2020,11,8,3,441.1,343,47,29
Kansas ,Big 12,2020,9,0,9,259.2,459.2,18,52
Kansas State ,Big 12,2020,10,4,6,337.4,444.7,33,42
Kent State,MAC,2020,4,3,1,606.5,424,27,21
Kentucky ,SEC,2020,10,4,6,311.8,387,27,35
Liberty ,FBS Independent,2020,10,9,1,483.5,301.2,51,26
Louisiana ,Sun Belt,2020,10,9,1,422.6,347.8,45,27
Louisiana Tech ,C-USA,2020,10,5,5,315.8,427.3,33,45
Louisville ,ACC,2020,11,4,7,444.2,369.1,41,35
LSU ,SEC,2020,10,5,5,433.9,492,38,45
Marshall ,C-USA,2020,10,7,3,391.3,279.4,38,15
Maryland ,Big Ten,2020,5,2,3,409,430,15,20
UMass,FBS Independent,2020,4,0,4,187.5,482,1,21
Memphis ,AAC,2020,11,8,3,453.1,434.3,42,39
Miami ,FL),2020,10,8,2,432.6,407.4,41,32
Miami ,OH),2020,3,2,1,365.3,393.7,11,11
Michigan ,Big Ten,2020,6,2,4,381.8,434.3,23,26
Michigan State ,Big Ten,2020,7,2,5,330.3,396.7,14,32
Middle Tennessee,C-USA,2020,9,3,6,365.9,446,27,41
Minnesota ,Big Ten,2020,7,3,4,393.1,415.9,26,28
Mississippi State ,SEC,2020,10,3,7,347.1,380.3,25,35
Missouri ,SEC,2020,10,5,5,402,408,31,42
Navy ,AAC,2020,10,3,7,275,385.5,21,34
NC State ,ACC,2020,11,8,3,391.5,418.2,44,39
Nebraska ,Big Ten,2020,8,3,5,391.5,386.5,21,27
Nevada ,Mountain West,2020,9,7,2,441.4,377.7,34,26
New Mexico ,Mountain West,2020,7,2,5,393.7,447.1,20,28
North Carolina ,ACC,2020,11,8,3,556.6,395.8,63,39
North Texas ,C-USA,2020,10,4,6,513.2,522.1,46,58
Northern Illinois,MAC,2020,6,0,6,367.5,418.8,18,30
Northwestern ,Big Ten,2020,8,6,2,348.6,338.8,23,12
Notre Dame ,ACC,2020,11,10,1,455.2,335.1,49,23
Ohio ,MAC,2020,3,2,1,362.7,389,14,6
Ohio State,Big Ten,2020,6,6,0,529.2,358,34,16
Oklahoma ,Big 12,2020,10,8,2,475.8,333.6,51,28
Oklahoma State,Big 12,2020,10,7,3,427.7,365.7,35,28
Ole Miss ,SEC,2020,9,4,5,562.4,535.7,51,48
Oregon ,Pac-12,2020,6,4,2,429.7,409.5,27,21
Oregon State,Pac-12,2020,7,2,5,408.9,442.3,27,29
Penn State,Big Ten,2020,9,4,5,430.3,328.8,34,31
Pittsburgh ,ACC,2020,11,6,5,379.6,339.5,36,35
Purdue ,Big Ten,2020,6,2,4,390.5,399,20,22
Rice ,C-USA,2020,5,2,3,331.6,341.6,13,11
Rutgers ,Big Ten,2020,9,3,6,339.1,449.1,30,36
San Diego State,Mountain West,2020,8,4,4,350.8,283.5,24,16
San Jose State,Mountain West,2020,7,7,0,442.9,338.1,27,15
SMU ,AAC,2020,10,7,3,494.5,422.2,48,41
South Alabama ,Sun Belt,2020,11,4,7,358.5,436.4,26,37
South Carolina ,SEC,2020,10,2,8,355.1,451.5,29,47
South Florida,AAC,2020,9,1,8,365.3,441.4,26,47
USC,Pac-12,2020,6,5,1,416.7,369.7,25,19
Southern Mississippi,C-USA,2020,10,3,7,372,401.7,31,42
Stanford ,Pac-12,2020,6,4,2,420.2,438.7,22,25
Syracuse ,ACC,2020,11,1,10,265.3,463.9,24,45
TCU ,Big 12,2020,10,6,4,411,350.9,39,29
Temple ,AAC,2020,7,1,6,348.3,433,17,34
Tennessee ,SEC,2020,10,3,7,346.2,407.4,29,35
Texas ,Big 12,2020,9,6,3,457.3,409.8,47,31
Texas A&M ,SEC,2020,9,8,1,437.2,316.6,37,24
Texas State,Sun Belt,2020,12,2,10,369.7,494.9,44,58
Texas Tech ,Big 12,2020,10,4,6,429.5,444.9,38,45
Toledo ,MAC,2020,6,4,2,494,362.2,27,18
Troy ,Sun Belt,2020,11,5,6,392.8,405.1,37,34
Tulane ,AAC,2020,12,6,6,393.8,422,56,45
Tulsa ,AAC,2020,8,6,2,405.4,340.8,27,17
UAB ,C-USA,2020,9,6,3,401.3,311.1,32,23
Central Florida,AAC,2020,10,6,4,568.1,491.8,55,44
UCLA ,Pac-12,2020,7,3,4,455,409.9,33,28
ULM ,Sun Belt,2020,10,0,10,305.7,464.6,23,56
UNLV ,Mountain West,2020,6,0,6,330.5,482.2,13,28
Utah ,Pac-12,2020,5,3,2,409.8,365,18,16
Utah State,Mountain West,2020,6,1,5,275.8,485.3,12,28
Texas-El Paso,C-USA,2020,8,3,5,348.1,381.2,24,33
Texas-San Antonio,C-USA,2020,11,7,4,413.9,380.8,38,36
Vanderbilt ,SEC,2020,9,0,9,330,487.4,17,44
Virginia ,ACC,2020,10,5,5,423.3,442.9,40,34
Virginia Tech ,ACC,2020,11,5,6,440.7,447.5,40,45
Wake Forest ,ACC,2020,8,4,4,435.2,456.9,36,31
Washington ,Pac-12,2020,4,3,1,402.8,346.2,15,14
Washington State,Pac-12,2020,4,1,3,384,461.8,14,21
West Virginia ,Big 12,2020,9,5,4,422.7,297.2,29,23
Western Kentucky,C-USA,2020,11,5,6,290.9,336.4,24,34
Western Michigan,MAC,2020,6,4,2,479.7,399.7,34,25
Wisconsin ,Big Ten,2020,6,3,3,358.8,263.5,17,11
Wyoming ,Mountain West,2020,6,2,4,372.8,328,17,16
